,resource_state,name,distance,moving_time,elapsed_time,total_elevation_gain,type,id,external_id,upload_id,start_date,start_date_local,timezone,utc_offset,start_latlng,end_latlng,location_city,location_state,location_country,start_latitude,start_longitude,achievement_count,kudos_count,comment_count,athlete_count,photo_count,trainer,commute,manual,private,visibility,flagged,gear_id,from_accepted_tag,upload_id_str,average_speed,max_speed,average_cadence,has_heartrate,average_heartrate,max_heartrate,heartrate_opt_out,display_hide_heartrate_option,pr_count,total_photo_count,has_kudoed,suffer_score,athlete.id,athlete.resource_state,map.id,map.summary_polyline,map.resource_state,workout_type,average_watts,kilojoules,device_watts,elev_high,elev_low
0,2,Avondactiviteit,3568.9,4480,4480,0.0,Workout,1648806317,garmin_push_2789060490,1771407649.0,2018-06-19T16:17:00Z,2018-06-19T18:17:00Z,(GMT+01:00) Europe/Amsterdam,7200.0,,,,,The Netherlands,,,0,0,0,1,0,True,False,False,True,only_me,False,,False,1771407649,0.797,2.1,60.7,True,159.5,181.0,False,True,0,0,False,126.0,4591892,1,a1648806317,,2,,,,,,
1,2,Middagrit,97776.4,12432,12686,232.1,Ride,1644295851,garmin_push_2783655295,1766681817.0,2018-06-17T09:05:22Z,2018-06-17T11:05:22Z,(GMT+01:00) Europe/Amsterdam,7200.0,"[53.218509, 6.573694]","[53.218836, 6.574875]",Groningen,GR,The Netherlands,53.218509,6.573694,20,11,0,1,0,False,False,False,False,everyone,False,b5474373,False,1766681817,7.865,12.6,,True,151.3,171.0,False,True,2,0,False,255.0,4591892,1,a1644295851,qjycI}ubg@wMbK_FtYxRraAhQwItZvKdGhe@jCn@jSlfBzKdC~TjxAnQ|KfKzUt}@lBxRrLn]zd@da@`\|k@xL`YiBzlA~_@Xfk@dOv_D{@nQ|W`rAzI~YzO|RHpIl{Bn`@jJlLb_@oCzz@mc@jUcElRgh@jH{^vHaH~`AOdsAs}@bO}WrHm@pNfKvOtWpSpc@pCfXvKpMjSuCxf@hWhOl\dLzt@twAnsAkfBhoHzAjsBwDtqB~i@pfFfQbhAmVaBuK`FqaDwZ{Uru@{~FfqHqXpmBqW|A_z@~`Bmw@~gAuDzSidEiIyI}C}MeT_d@_QlJan@`Bgk@yu@yEvCcdAaEmhAon@geB{^sPwYqj@kVooAch@}oByIkRqP_BoB{EwR_cAeMwxBumF~MiZhIa@iv@cLa~Al@ei@qFwj@nUqgFrVup@zGcDtA_StVyRxWmf@kCky@`_@uHaFic@qDyjAuGch@yBm|@|GmpA~P{eApBmz@laAerFmGaK|B}Eq@oKd}@am@`RmUbAkLhK_Mm@_k@tEe_@yEcEeNur@zDeShN_L,2,10.0,136.1,1692.4,False,19.0,-3.1
2,2,Middagactiviteit,1882.8,2912,2912,0.0,Workout,1638551865,garmin_push_2776961165,1760657408.0,2018-06-14T14:07:58Z,2018-06-14T16:07:58Z,(GMT+01:00) Europe/Amsterdam,7200.0,,,,,The Netherlands,,,0,0,0,1,0,True,False,False,True,only_me,False,,False,1760657408,0.647,5.3,59.7,True,139.0,173.0,False,True,0,0,False,27.0,4591892,1,a1638551865,,2,,,,,,
3,2,Avondrit,45684.0,5223,5249,86.7,Ride,1636358396,garmin_push_2774382621,1758366457.0,2018-06-13T16:03:38Z,2018-06-13T18:03:38Z,(GMT+01:00) Europe/Amsterdam,7200.0,"[53.21873, 6.574615]","[53.21887, 6.574834]",Groningen,GR,The Netherlands,53.21873,6.574615,15,3,0,1,0,False,False,False,False,everyone,False,b5474373,False,1758366457,8.747,13.2,,True,152.7,175.0,False,True,10,0,False,121.0,4591892,1,a1636358396,{wxcIifcg@tBFlGhQxBlJMtFlChJAtUwBxFw@bLeEjGrIfFj@lMfDz@|Fpd@lCt@`@`QlTf~AbD|bAiAzXiHbGqCvKkLv@q@bq@sJbCmCrEkPlLtJ|t@a@~M`I|@~AhC`SraB?lN`EvJfAjT[nTeb@dzH{i@dVycDneC{f@zg@~@jGcFdQo@dTlAjbA|WnrFpG~s@ccAfEyBfC_VpE_@qv@aAkAcJo|Aj@{h@sFik@tAcr@fLu~A|EwsApC_NzQ}a@xG_DtBmLWqEfV}R~Wgf@kCuy@|Uw@bHkF_Fyc@^}D}EgcA_H_h@wB_~@tHosAhEy^tJic@lB_{@|G}b@dFwQ^cKxRojA|Jkj@zG{TjDa\jByDeE}BoAiG~BwEq@}KrHyDtFyInKyBtNkK@yBzB^~K_I~QyUrAiDUwEpDqAjFcLj@sKmBi]nCa[jA_CeCLeDuKuKem@zDaSdNqK,2,10.0,168.3,879.1,False,9.0,-4.0
4,2,Avondactiviteit,3822.0,4244,4244,0.0,Workout,1634430140,garmin_push_2772136434,1756347873.0,2018-06-12T16:16:14Z,2018-06-12T18:16:14Z,(GMT+01:00) Europe/Amsterdam,7200.0,,,,,The Netherlands,,,0,0,0,1,0,True,False,False,True,only_me,False,,False,1756347873,0.901,2.1,61.1,True,168.5,187.0,False,True,0,0,False,173.0,4591892,1,a1634430140,,2,,,,,,
5,2,Middagrit,778.3,160,160,0.0,Ride,1634430293,garmin_push_2772132275,1756344074.0,2018-06-10T13:34:57Z,2018-06-10T15:34:57Z,(GMT+01:00) Europe/Amsterdam,7200.0,"[53.304704, 6.49492]","[53.307015, 6.50398]",,,The Netherlands,53.304704,6.49492,0,0,0,3,0,False,False,False,True,only_me,False,,False,1756344074,4.864,7.9,,True,90.0,101.0,False,True,0,0,False,0.0,4591892,1,a1634430293,kajdIgpsf@eApB_AeD\aGmF{VwBaV,2,,63.8,10.2,False,1.2,-4.1
6,2,Middagrit,56783.5,7542,10270,114.9,Ride,1629781241,613ACE89-A2E3-434A-8F97-05D9C58AECDB,1751462794.0,2018-06-10T11:46:11Z,2018-06-10T13:46:11Z,(GMT+01:00) Europe/Amsterdam,7200.0,"[53.21236, 6.570692]","[53.213185, 6.574495]",Groningen,GR,The Netherlands,53.21236,6.570692,2,7,0,3,0,False,False,False,False,everyone,False,b5474373,True,1751462794,7.529,15.7,,False,,,False,False,2,0,False,,4591892,1,a1629781241,g`xcIyibg@jCpRFhQqF`_@QfJcHlKWvQ}ApC`@lJm[zo@yMbR~AxJ{F`Ez@hMoZtJci@f[DbJaF~IkDl\_HpSw]hqBiAxP{Kjf@oBlR_Bpw@aJfb@oEx^qHfkArBteAlHtj@tEtaAc@|DvEvb@aHtFwUn@bCpz@uWde@o^dY_CnE}QlGmOcA{X~DcB~F}R~MyOiGwFtGuIkCwDlGuJnCwCaHkJdAak@sPiGHcE_JmQra@mE_D_JyPc\`LyEo@gAsXqPwAeDs[sOmYwA_d@gDsEkD_k@vDeOxFcIhPqhBj@aRzWoi@~Bin@iIeSEod@sDwYp@yg@kB_O}F_SxCw`@vOoHTeMmBiQrAcB_BdCu@oDDqIeK}n@mTtPaF}MoS|F{NdKuODgOwfAeAi^gDsCaHjPkDhCeb@lRoFRuFuHaA_G|BuJuB_f@{WyB_AmIXub@dA_Ee@_CtBk]fIqvFiB}NxBkKdAc]cAcMfBsC_AkGl@bJtAQx@}GtEyFjcDi{@|FpErHzPfF~EnaD{f@~DjJfLhFhHdJjNtHpCxF|@iBfFtCdm@ne@xc@hFdg@jm@pVvS~J~MpBt@zRko@n@Xt`@`\jYvw@bWw_@dKk[tIiHdKUvI|CdG}MlG_FhElPR|NzChFxCdA,2,10.0,151.3,1141.0,False,7.0,-6.0
7,2,Middagrit,28889.9,4064,4095,58.2,Ride,1634430154,garmin_push_2772131979,1756343903.0,2018-06-10T11:45:18Z,2018-06-10T13:45:18Z,(GMT+01:00) Europe/Amsterdam,7200.0,"[53.215237, 6.571392]","[53.304631, 6.495043]",Groningen,GR,The Netherlands,53.215237,6.571392,4,0,0,3,0,False,False,False,True,only_me,False,b5474373,False,1756343903,7.109,14.0,,True,86.3,106.0,False,True,1,0,False,7.0,4591892,1,a1634430154,erxcIenbg@zNoBnEt]EbOoFni@sG`Ks@xRyAvB`@rJgd@l|@KnEkBpAz@hI{G`D~@zL_Z`Kki@`[IdJiFlJkDb\qIhZ_]npB_@bKmC~GmI|f@uC~`AoJbd@sD~[yHjvAfBjz@jHfj@tEjbAa@xExEfc@mG|EuVnArCpy@gX~e@ob@h_@gMrEam@bDyBlGiRvM{KkGkDNyEdGcJ}BiDbGgJtC}DgH_JhAyj@oPiGFuD_JwQta@iEcDaJqP}[vKqFaA{@qWmPiBcD{ZkOgYmBke@{CoEqDoj@xD{OpFmH|Qm|BrW{h@~Bkm@gIkUUsc@aDmXf@kh@gBcOsF{SrDma@vNqFT_KkBySlA{C,2,,116.5,473.4,False,9.7,-3.1
8,2,Middagloop,11355.8,3830,4193,25.7,Rowing,1625324782,garmin_push_2761545542,1746771911.0,2018-06-08T14:43:37Z,2018-06-08T16:43:37Z,(GMT+01:00) Europe/Amsterdam,7200.0,"[53.201455, 6.563625]","[53.201804, 6.563436]",Groningen,GR,The Netherlands,53.201455,6.563625,0,0,0,1,0,False,False,False,False,everyone,False,,False,1746771911,2.965,4.5,57.3,True,154.3,182.0,False,True,0,0,False,83.0,4591892,1,a1625324782,a|ucIs}`g@f]fItJEbOsE|U{N~PoRxSwi@t`A}lAjcAk\~TsTiVrSwdAj^k|@tgAwSpi@aQzSaf@~ViNGsVaIyE~A,2,,,,,4.7,-3.0
9,2,Avondrit,38390.7,4442,4479,79.7,Ride,1621485904,garmin_push_2757060392,1742637299.0,2018-06-06T17:11:03Z,2018-06-06T19:11:03Z,(GMT+01:00) Europe/Amsterdam,7200.0,"[53.219067, 6.574866]","[53.21891, 6.574811]",Groningen,GR,The Netherlands,53.219067,6.574866,18,2,0,2,0,False,False,False,False,everyone,False,b5474373,False,1742637299,8.643,13.4,,True,162.2,188.0,False,True,4,0,False,141.0,4591892,1,a1621485904,ujycIcscg@KmBnDcBqJ}XuKgg@rRmKhCeHmb@mxBQmG}DaJga@qxBcBmHgA\iLio@qQwo@vCiLxAavKg@ifBhBc[hh@{hEx]sfCfe@izA|v@hbAzdAdhAdXx]hR|g@lN~f@ja@~vBLry@sBz_@r[zMXbBl\tJtFvCThB}QdhBlBdk@]hNa{@f{GoTrh@cXxlAyLjUmBt`@yClMcYvm@yg@f`@lBdFtJfGlCjPcFtc@gRh\ceAj[yDfIhR~w@wNtR@|C,2,10.0,170.0,755.1,False,5.2,-5.7
10,2,Middagactiviteit,2697.2,3375,3375,0.0,Workout,1620323349,garmin_push_2755678276,1741377204.0,2018-06-05T14:03:25Z,2018-06-05T16:03:25Z,(GMT+01:00) Europe/Amsterdam,7200.0,,,,,The Netherlands,,,0,0,0,1,0,True,False,False,True,only_me,False,,False,1741377204,0.799,5.0,60.7,True,140.4,179.0,False,True,0,0,False,33.0,4591892,1,a1620323349,,2,,,,,,
11,2,Ochtendloop,4880.3,3752,4018,33.3,Run,1616337380,garmin_push_2750858893,1737016149.0,2018-06-04T07:37:27Z,2018-06-04T09:37:27Z,(GMT+01:00) Europe/Berlin,7200.0,"[52.484778, 6.886304]","[52.486333, 6.8849]",,,The Netherlands,52.484778,6.886304,0,0,0,3,0,False,False,False,True,only_me,False,,False,1737016149,1.301,2.0,49.6,True,102.2,153.0,False,True,0,0,False,9.0,4591892,1,a1616337380,y|i_Ik~_i@nBoBqBsLb@oCpIwBAia@cKwIgEaIxP}h@lBiOhDcK`Ot}AqIvUuIbH_Ap[gGnE\}GqBsCcDhIiEf@,2,,,,,56.2,32.0
12,2,Middagloop,5877.7,1926,2643,19.9,Run,1612168671,garmin_push_2745963681,1732580098.0,2018-06-02T09:45:43Z,2018-06-02T11:45:43Z,(GMT+01:00) Europe/Berlin,7200.0,"[52.484306, 6.862769]","[52.483602, 6.862143]",,,The Netherlands,52.484306,6.862769,0,0,0,2,0,False,False,False,True,only_me,False,,False,1732580098,3.052,4.7,74.0,True,162.4,190.0,False,True,0,0,False,58.0,4591892,1,a1612168671,{yi_Igk{h@~QpYti@jZ~LtPhCjRrE`M{A~HVrNaMhPuO~@zNcB`NoPa@mLtAoIcEsLeCsPuL_S}i@iZ_N_V,2,,,,,57.1,40.7
13,2,Avondloop,11274.6,7696,8847,38.4,Run,1600394693,garmin_push_2732125833,1720011917.0,2018-05-27T17:14:28Z,2018-05-27T19:14:28Z,(GMT+01:00) Europe/Amsterdam,7200.0,"[53.15198, 6.63496]","[53.218645, 6.574765]",,,The Netherlands,53.15198,6.63496,0,0,0,1,0,False,False,False,True,only_me,False,,False,1720011917,1.465,2.7,50.9,True,92.2,113.0,False,True,0,0,False,15.0,4591892,1,a1600394693,{flcIo{ng@rEcJaKsHcCcIsCu@wXb@uVlTuG`\qJl}@oPrj@vBvMxGpPyYrPgDjIgEjB}IhQqY~UqYnh@}WlZ}RfMgj@jUwUnOeTbT}dAng@yEiMeDvAj@}E|@bF}@^cB{DwEbDgAuH,2,,,,,12.7,0.9
14,2,Middagloop,14043.5,10872,10994,45.1,Run,1600389457,garmin_push_2732119749,1720006239.0,2018-05-27T11:54:43Z,2018-05-27T13:54:43Z,(GMT+01:00) Europe/Amsterdam,7200.0,"[53.218819, 6.57424]","[53.15186, 6.634669]",Groningen,GR,The Netherlands,53.218819,6.57424,2,0,0,1,0,False,False,False,True,only_me,False,,False,1720006239,1.292,5.3,51.3,True,102.4,161.0,False,True,0,0,False,23.0,4591892,1,a1600389457,eyxcIa|bg@rDkGlEtIlDmAdFtQ~VmHxElZvGdB|AjUjCmBVnChHWbBtDCwA|ASm@eBj@vDhKmB`ZtIrSwChTsMzHt@`FaHjHBhFiHtHiWNiIsA}HvFoJjMbEvB}EzF[p@mGtEpTvEgGrImE}EaYfFM`@iJzCwFKgL`DkHlVgGQmJhG_@VqBsFeWnXsUBaItBqBxAcMwAkKfEqGe@qDnDaFxNoHgC_VhVoStIwPxUkTOgJwEaTfRmRdGc@GaGsSiIwAsGmEtJ,2,,,,,8.1,-3.0
15,2,Avondactiviteit,3652.9,3580,3580,0.0,Workout,1594389295,garmin_push_2725043798,1713609346.0,2018-05-24T18:07:05Z,2018-05-24T20:07:05Z,(GMT+01:00) Europe/Amsterdam,7200.0,,,,,The Netherlands,,,0,0,0,1,0,True,False,False,True,only_me,False,,False,1713609346,1.02,2.2,61.0,True,152.9,181.0,False,True,0,0,False,80.0,4591892,1,a1594389295,,2,,,,,,
16,2,Middagactiviteit,380.1,3700,3700,0.0,Workout,1591129892,garmin_push_2721318150,1710227616.0,2018-05-23T15:32:43Z,2018-05-23T17:32:43Z,(GMT+01:00) Europe/Amsterdam,7200.0,,,,,The Netherlands,,,0,0,0,1,0,True,False,False,True,only_me,False,,False,1710227616,0.103,2.3,60.4,True,152.9,187.0,False,True,0,0,False,84.0,4591892,1,a1591129892,,2,,,,,,
17,2,Middagrit,44425.7,5229,5389,110.6,Ride,1586887469,garmin_push_2716379510,1705837116.0,2018-05-21T14:53:50Z,2018-05-21T16:53:50Z,(GMT+01:00) Europe/Amsterdam,7200.0,"[53.212814, 6.572268]","[53.218902, 6.574853]",Groningen,GR,The Netherlands,53.212814,6.572268,0,3,0,1,0,False,False,False,False,everyone,False,b5474373,False,1705837116,8.496,12.6,,True,162.2,184.0,False,True,0,0,False,162.0,4591892,1,a1586887469,acxcIssbg@nBrJ~N}FjIrl@lCFj@~CnFkC\xChEuChC|ChPuCdYnIlL\`L_D|c@gZxHyL|Tek@vz@cfAdNsFgGg_@{Ogn@nTqZ`Z{Qi@mEkHuNqAaKjQcn@~Ic{@lG_[p\y\rOuFp^iZ|\wJdI}Gbl@iXjY_\tc@oOfJ}[`NgMfFE`HsEzMuXzNmMvJ|CjPgMtA_Es@qHj@kI`CsBjAsFjRoDbN{P~NwKfQ\o@uJmIm^iFkQml@al@iLqRiIsH}IqUkd@qh@am@[_r@aMe\wAqdDlEB`BaEsDmEoPuDsEwSgEiGgFo\qJsCkDgXiK{Grj@oNfi@_GbOgWv\cT~M_p@fUam@VaTxg@hHdt@dRhnAo@j|@uBtS_F|RgHhq@gCxGkYf\}y@j_@mPxWaGrUpd@bbCdEzJLpG`a@bsBaDpKyQ~JfL|i@rJhZ,2,10.0,156.7,819.2,False,16.9,-4.0
18,2,Avondactiviteit,1767.1,3366,3366,0.0,Workout,1578555698,garmin_push_2706653863,1697190950.0,2018-05-17T18:28:52Z,2018-05-17T20:28:52Z,(GMT+01:00) Europe/Amsterdam,7200.0,,,,,The Netherlands,,,0,0,0,1,0,True,False,False,True,only_me,False,,False,1697190950,0.525,2.0,61.1,True,149.4,191.0,False,True,0,0,False,74.0,4591892,1,a1578555698,,2,,,,,,
19,2,Middagwandeling,5780.7,6097,6097,0.0,Walk,1567160934,garmin_push_2693447747,1685402300.0,2018-05-12T12:05:09Z,2018-05-12T14:05:09Z,(GMT+01:00) Europe/Amsterdam,7200.0,,,,,The Netherlands,,,0,0,0,1,0,True,False,False,True,only_me,False,,False,1685402300,0.948,3.2,51.9,True,87.2,141.0,False,True,0,0,False,11.0,4591892,1,a1567160934,,2,,,,,,
20,2,Ochtend-hike,15288.8,14256,22818,813.9,Hike,1567189068,EA95B1B6-1E2C-47E0-8CA7-616721F350D0,1685432856.0,2018-05-12T05:33:15Z,2018-05-12T08:33:15Z,(GMT+02:00) Asia/Jerusalem,10800.0,"[32.744057, 35.074613]","[32.714448, 35.013223]",,,The Netherlands,32.744057,35.074613,0,9,0,2,0,False,False,False,False,everyone,False,,True,1685432856,1.072,2.6,,False,,,False,False,0,0,False,,4591892,1,a1567189068,iizfEioauEkAg@aClDfIpK~CyC|H@xApHjEtDp@jDYeFfBlCn@lJxAiKb@`P_A|NdHeYvBIuA`DJ|GsFle@uBtC_GoC}DxB}E_EgEfCk@~CzBpBoAvBKlG`HfEeCtBnOr@|ErEfCqBvDh@rIjTpHuAvEeJzMpBvF{E`A^cDZr@j@yCzHpNt]jAv@yG_LcGkT~W|RzCnIbItGhApDr@aAnMrObEn@~BtJfGpG~DdLtExDkHpMfGfF^zBfMtCtK|N|F|Af@xCrEcBn@zJsCf@}DxO{FlCqDnHd@hCkDtAeAbEsCLk@jEaE`DfH`AuChHOfI,2,,,,,530.0,10.0
21,2,Ochtendwandeling,18605.8,22769,22769,0.0,Walk,1567155486,garmin_push_2693441623,1685396781.0,2018-05-12T05:34:00Z,2018-05-12T07:34:00Z,(GMT+01:00) Europe/Amsterdam,7200.0,,,,,The Netherlands,,,0,0,0,1,0,True,False,False,True,only_me,False,,False,1685396781,0.817,3.8,51.9,True,98.6,166.0,False,True,0,0,False,53.0,4591892,1,a1567155486,,2,,,,,,
22,2,Peddeltje Galilee,5803.6,2365,2622,10.9,Rowing,1561544424,garmin_push_2687667839,1679196811.0,2018-05-10T06:35:41Z,2018-05-10T09:35:41Z,(GMT+02:00) Asia/Jerusalem,10800.0,"[32.781721, 35.545815]","[32.784926, 35.544195]",,,The Netherlands,32.781721,35.545815,0,11,0,1,0,False,False,False,False,everyone,False,,False,1679196811,2.454,4.3,61.0,True,147.9,178.0,False,True,0,1,False,35.0,4591892,1,a1561544424,wtagEip}wEne@gLda@uOxp@ir@}Ix@gUtLoLjW{JlJ_UlIoV~A}]lImJzE|BhH,2,,,,,-207.4,-214.1
23,2,Middagactiviteit,2928.7,3369,3369,0.0,Workout,1545266061,garmin_push_2668396099,1662496230.0,2018-05-02T15:02:45Z,2018-05-02T17:02:45Z,(GMT+01:00) Europe/Amsterdam,7200.0,,,,,The Netherlands,,,0,0,0,1,0,True,False,False,True,only_me,False,,False,1662496230,0.869,4.6,64.4,True,148.3,176.0,False,True,0,0,False,55.0,4591892,1,a1545266061,,2,,,,,,
24,2,Lammert-Tim C2*,8425.1,2742,2762,24.8,Rowing,1543705993,garmin_push_2666468994,1660895055.0,2018-05-01T17:52:31Z,2018-05-01T19:52:31Z,(GMT+01:00) Europe/Amsterdam,7200.0,"[53.199245, 6.563026]","[53.201752, 6.563503]",Groningen,GR,The Netherlands,53.199245,6.563026,0,4,0,1,0,False,False,False,False,everyone,False,,False,1660895055,3.073,4.0,,True,147.3,173.0,False,True,0,0,False,44.0,4591892,1,a1543705993,gnucI{y`g@vNhEbLAtj@sYhI{KhWqm@j{@egA|HsFlO}BkR~B_TjUuj@lr@_Upj@qNdSaj@dZ{KL_WwIaGbA,2,,,,,4.7,-1.1
25,2,Middagactiviteit,4453.3,4135,4135,0.0,Workout,1541138823,garmin_push_2663393286,1658266867.0,2018-04-30T15:31:24Z,2018-04-30T17:31:24Z,(GMT+01:00) Europe/Amsterdam,7200.0,,,,,The Netherlands,,,0,0,0,1,0,True,False,False,True,only_me,False,,False,1658266867,1.077,2.1,61.0,True,163.5,183.0,False,True,0,0,False,138.0,4591892,1,a1541138823,,2,,,,,,
26,2,Ochtendrit,43795.2,6376,6549,86.7,Ride,1538242602,garmin_push_2659743130,1655279362.0,2018-04-29T06:59:21Z,2018-04-29T08:59:21Z,(GMT+01:00) Europe/Amsterdam,7200.0,"[53.219136, 6.576267]","[53.21881, 6.57497]",Groningen,GR,The Netherlands,53.219136,6.576267,15,5,0,2,0,False,False,False,False,everyone,False,b5474373,False,1655279362,6.869,13.4,,True,132.3,156.0,False,True,2,0,False,41.0,4591892,1,a1538242602,_kycIsrcg@M_C|CYHsCgIqU{Qs{@eGqEqDzB{DsKf@eNo|@}|G{k@{bAyDwBeTfb@sE}GqCtEe@rEcrA`SiXcj@}GLkFwJwKy@w\aq@uMpScMJ_CrDmVpLsKxLsHd@qHfHmL}MiCrGcNxcAdBha@s@|c@}h@r]jAxZ?lq@rCpDyDuAGvUiBdNh@zHtD\jDbn@mh@rKyB{F}ArGwkBj[tD`r@qDvJ`@~AfCYlAvEpH`{Aup@oNMtJkGdSmAdKlAnwAuJvCZfOcEzg@|A`RhG|Rh@pMhCtAaCpAgAjLb@zStBxJtCx@pE`Ii@rK{UkBlVlBbAfLbLuDpQ_N~DyK|@\tKy]zEsHvn@e[dZaV|^hBxZyLn_@~DnOuBf[pAd`@ePnUlHvNqCbJuF~LrA|c@yDti@sOd[cSbDqR|OmUnFaCnEgI~@sLnj@{UrOqCBsK}BSlDq^vF{JlPqx@|Z`y@nRaYzJvV`Swg@hKcN,2,10.0,108.5,692.0,False,6.0,-4.1
27,2,Middagactiviteit,2365.3,3148,3148,0.0,Workout,1533070024,garmin_push_2653461235,1649946032.0,2018-04-26T14:08:30Z,2018-04-26T16:08:30Z,(GMT+01:00) Europe/Amsterdam,7200.0,,,,,The Netherlands,,,0,0,0,1,0,True,False,False,True,only_me,False,,False,1649946032,0.751,4.2,60.0,True,135.6,184.0,False,True,0,0,False,23.0,4591892,1,a1533070024,,2,,,,,,
28,2,Middagactiviteit,4213.8,4521,4521,0.0,Workout,1529051539,garmin_push_2648707801,1645763341.0,2018-04-24T15:18:24Z,2018-04-24T17:18:24Z,(GMT+01:00) Europe/Amsterdam,7200.0,,,,,The Netherlands,,,0,0,0,1,0,True,False,False,True,only_me,False,,False,1645763341,0.932,2.2,61.0,True,159.5,182.0,False,True,0,0,False,125.0,4591892,1,a1529051539,,2,,,,,,
29,2,Batavierenrace,9265.3,2711,2715,40.3,Run,1522087746,garmin_push_2640369881,1638456506.0,2018-04-21T07:43:52Z,2018-04-21T09:43:52Z,(GMT+01:00) Europe/Amsterdam,7200.0,"[52.007661, 6.406555]","[52.079629, 6.387914]",,,The Netherlands,52.007661,6.406555,0,4,0,2,0,False,False,False,False,everyone,False,,False,1638456506,3.418,5.3,75.9,True,174.3,192.0,False,True,0,0,False,132.0,4591892,1,a1522087746,{vl|H}gbf@kxApnAobCuQcdAxgAsYTeFlUqg@uj@yAiWsMmBwLcLcMiAwc@zn@iBi@,2,0.0,,,,27.6,14.0
30,2,Middagrit,67015.9,8768,9131,162.0,Ride,1518836570,garmin_push_2636550112,1635067322.0,2018-04-19T15:43:33Z,2018-04-19T17:43:33Z,(GMT+01:00) Europe/Amsterdam,7200.0,"[53.213746, 6.574245]","[53.210834, 6.579357]",Groningen,GR,The Netherlands,53.213746,6.574245,14,6,0,3,0,False,False,False,False,everyone,False,b5474373,False,1635067322,7.643,14.8,,True,141.5,172.0,False,True,13,0,False,103.0,4591892,1,a1518836570,{hxcI_`cg@vDbK`Fn]AnQgHxm@x@dGzDh@bVyKpIq@~W~wApKx^lEfAvBvIf\aCtEbi@tw@qXlP_`@rMoKlDp@hCxx@zD|b@xZreB|k@qJjL`e@|VwQtIb`@`EvJdHpr@b`@vGrCxIlSdIhp@{BfAlCj\uNrBx@fAlGxb@_Tq@cYnY_Px_@cf@jK|x@pg@aPzBaFzr@kCdCxXlK|b@o@rA~Xt}@|Vh\zCvAUhEpBl@z]vf@zl@`VdP|C`VgCjGwFdFje@bGkFfHObNvKxO`XAmCbsAeJ~EiJzJsFp{A}xB|EcEtTsEjEuDlLPlFuDr}Cmw@eBiQjAgBsA{SkB}BgYmgEr@sElSma@`CebCoCOaMtUqD}IuE_YkBuw@kRrHc@zR}@`Ays@aUc@vBwy@eQgyBt@asAeXquBiPwe@mJ}NeIal@ae@iuAs_BmGoEcyBbCa^{dAsJol@_IaZqEuJoDkCcUKq[|Nut@nP{SnRuJrQ{GjGuqA`y@kV``@uUfQ{Wpf@m\f_@cThNeh@rT}SvMaUzSePrHwCcXuJkQkKpI,2,10.0,145.1,1272.4,False,21.0,-3.5
31,2,Middagactiviteit,3150.6,3003,3003,0.0,Workout,1513952711,garmin_push_2630877243,1630015289.0,2018-04-17T14:45:51Z,2018-04-17T16:45:51Z,(GMT+01:00) Europe/Amsterdam,7200.0,,,,,The Netherlands,,,0,0,0,1,0,True,False,False,True,only_me,False,,False,1630015289,1.049,2.2,60.7,True,163.5,189.0,False,True,0,0,False,102.0,4591892,1,a1513952711,,2,,,,,,
32,2,Middagactiviteit,2583.5,3043,3043,0.0,Workout,1512134036,garmin_push_2628640548,1628140750.0,2018-04-16T15:03:23Z,2018-04-16T17:03:23Z,(GMT+01:00) Europe/Amsterdam,7200.0,,,,,The Netherlands,,,0,0,0,1,0,True,False,False,True,only_me,False,,False,1628140750,0.849,5.0,62.3,True,141.9,196.0,False,True,0,0,False,32.0,4591892,1,a1512134036,,2,,,,,,
33,2,Peddel,11454.4,3735,3784,28.3,Rowing,1506338910,garmin_push_2621572756,1622074912.0,2018-04-13T16:09:35Z,2018-04-13T18:09:35Z,(GMT+01:00) Europe/Amsterdam,7200.0,"[53.201576, 6.563651]","[53.201795, 6.563633]",Groningen,GR,The Netherlands,53.201576,6.563651,0,5,0,1,0,False,False,False,False,everyone,False,,False,1622074912,3.067,4.6,58.4,True,153.4,178.0,False,True,0,0,False,82.0,4591892,1,a1506338910,y|ucIy}`g@xf@|I~N}DfX_PhRgSvPke@xEsH~y@idAreA}^bXmUyXdT{e@lRcVzDiIhGg{@tfAcS`i@_QlS}f@dWmLKyVkIkFr@,2,,,,,4.7,-3.0
34,2,Avondrit,39542.6,4733,4810,86.5,Ride,1504511659,garmin_push_2619347636,1620186569.0,2018-04-12T16:01:10Z,2018-04-12T18:01:10Z,(GMT+01:00) Europe/Amsterdam,7200.0,"[53.218958, 6.575]","[53.218829, 6.574811]",Groningen,GR,The Netherlands,53.218958,6.575,22,6,0,1,0,False,False,False,False,everyone,False,b5474373,False,1620186569,8.355,12.3,,True,151.3,172.0,False,True,13,0,False,47.0,4591892,1,a1504511659,sjycIyrcg@SaCzBAfPcTNqB{Qo{@dCwEveA}ZnOgYlDiJfCw[sCiQcJoGsAwFrc@o[jFoHfVik@pBuMxAo\xLiU~Mwh@cOe~@oFsGeZmhAxJcl@l`AoeAzt@an@bKy{@{Acw@lQqdB[yBoFuCk\qJo\oQvBc`@Fuu@ad@o_CoOuh@yPed@yhA_oAmK|WwF{Pw@?e_Ar}CuHzJ{@xGhFdfChHtLlBlO~JbUb[nwA~UxpAsQfAgS~g@|Hrt@~P~jALfg@iBra@qI|c@cFhh@yBjHqZ|\iy@d_@gPtWgGzUld@lbC~CfG~@|Lr`@rqBqCvJiR`L`L`i@xJbZ,2,10.0,157.2,743.9,False,5.3,-4.0
35,2,Middagloop,6478.3,2175,2177,12.9,Run,1502446244,garmin_push_2616847980,1618060426.0,2018-04-11T15:09:05Z,2018-04-11T17:09:05Z,(GMT+01:00) Europe/Amsterdam,7200.0,"[53.218892, 6.575233]","[53.221029, 6.574611]",Groningen,GR,The Netherlands,53.218892,6.575233,0,0,0,1,0,False,False,False,False,everyone,False,,False,1618060426,2.979,5.7,73.4,True,158.7,188.0,False,True,0,0,False,69.0,4591892,1,a1502446244,u_ycIivcg@vAyAwAmKuYwuAaGfFcBiFoJfIkFcLuHpJ{CvAsBaBuNzYaRrOiJhZ|@|O~Q`Pl_@heAfG}G|DfCv]ww@,2,0.0,,,,4.0,-2.2
36,2,Middagactiviteit,1945.1,3201,3201,0.0,Workout,1498946362,garmin_push_2612579295,1614462781.0,2018-04-09T15:33:39Z,2018-04-09T17:33:39Z,(GMT+01:00) Europe/Amsterdam,7200.0,,,,,The Netherlands,,,0,0,0,1,0,True,False,False,True,only_me,False,,False,1614462781,0.608,1.9,61.1,True,163.3,185.0,False,True,0,0,False,106.0,4591892,1,a1498946362,,2,,,,,,
37,2,Middagrit,28647.1,4054,4236,104.5,Ride,1494267101,garmin_push_2606818342,1609501742.0,2018-04-07T11:12:24Z,2018-04-07T13:12:24Z,(GMT+01:00) Europe/Amsterdam,7200.0,"[53.078167, 6.577858]","[53.218873, 6.574889]",,,The Netherlands,53.078167,6.577858,7,2,0,3,0,False,False,False,False,everyone,False,b5474373,False,1609501742,7.066,14.2,,True,136.1,170.0,False,True,4,0,False,33.0,4591892,1,a1494267101,oy}bIqvcg@s@cKvB}@ToNuNcjB\}b@tJ{`AuDea@yBko@g`@iwCa`@ikB}Cmi@aHie@cHiUiLdAiCwLiPYoPxJeQhSqQzCeAlFuBvBg@xIv@vGu@|Cwb@|_@yOf]wLdKeOxXyNbQe@`Mqa@~t@t@nNzElU{Jzs@cMlVsUvAch@tSue@jIoWjUuNlUq[rVsy@`f@lA`FgApIlU|`AdBfJ_@zBgG^FhJgVtF}CjHFtKuChH[xIiLv@SfNgHMwApJmFDeCdF}LmDgBvAwDdIxA|GIdIyHlViFvHmGSgGpGkHe@i_@pQmQSsTiIsHrCeDcDuFNk@eCwPfKyMmz@gM~EyFgSeEpC}D}JyCU,2,10.0,122.2,495.4,False,18.0,-3.0
38,2,Middagrit,22815.0,3312,3438,44.4,Ride,1494264415,garmin_push_2606815160,1609498870.0,2018-04-07T09:46:30Z,2018-04-07T11:46:30Z,(GMT+01:00) Europe/Amsterdam,7200.0,"[53.200265, 6.578337]","[53.078222, 6.5777]",Groningen,GR,The Netherlands,53.200265,6.578337,9,1,0,2,0,False,False,False,False,everyone,False,b5474373,False,1609498870,6.889,14.1,,True,143.1,169.0,False,True,0,0,False,26.0,4591892,1,a1494264415,stucIqycg@dGuDrFt\hB`|@{@hQcDpR_Kd[jCzFeAxDjKp^fH~b@dEQxHn[nBpe@bx@oWzQia@|LiJlDbAxBvx@fEbc@xZteBzk@{JjL`e@tVwQ|Ij`@bE|J`Hnq@db@jIrAqSzHyF`G{a@vHeQ`UeVvLgT|m@kc@~ZkcA|PkDxCkJ`VsP`HrBdFcRSkG~CcBrJoTjReErSoSlIoMhG{D~BpArPlj@|^wUpCeQ~a@eq@rc@_eA|DwMnC}SnPkKfFkL,2,10.0,109.3,362.0,False,10.0,-3.5
39,2,Middagactiviteit,2466.5,3026,3026,0.0,Workout,1490958029,garmin_push_2602838465,1606083043.0,2018-04-05T14:04:11Z,2018-04-05T16:04:11Z,(GMT+01:00) Europe/Amsterdam,7200.0,,,,,The Netherlands,,,0,0,0,1,0,True,False,False,True,only_me,False,,False,1606083043,0.815,5.4,60.9,True,132.8,175.0,False,True,0,0,False,20.0,4591892,1,a1490958029,,2,,,,,,
40,2,Avondloop,9063.0,2979,3009,47.6,Run,1487504464,garmin_push_2598603554,1602532069.0,2018-04-03T16:18:13Z,2018-04-03T18:18:13Z,(GMT+01:00) Europe/Amsterdam,7200.0,"[53.218913, 6.574408]","[53.218389, 6.573411]",Groningen,GR,The Netherlands,53.218913,6.574408,4,4,0,1,0,False,False,False,False,everyone,False,,False,1602532069,3.042,5.5,73.1,True,156.5,170.0,False,True,1,0,False,75.0,4591892,1,a1487504464,_xxcIqfcg@fHwCnFzJ`JlApIgGgEv\CxWw@rCbCr[B~KiBl@PlK~E~@d@`WhExW|Ev@nIt]lD|CJfR}AvLjAbH`Dz@`DkI`EqAx@_CvRmA`@}LeD}OyEgDgHRuEcMkRyaAoRkxAeO~EkGwRcChBmH}KuAh@,2,0.0,,,,10.0,-2.0
41,2,Middagrit,9010.0,1400,1400,25.8,Ride,1483092394,garmin_push_2593085048,1597936950.0,2018-04-01T09:10:45Z,2018-04-01T11:10:45Z,(GMT+01:00) Europe/Amsterdam,7200.0,"[53.163767, 6.578309]","[53.21875, 6.574682]",,,The Netherlands,53.163767,6.578309,3,0,0,1,0,False,False,False,True,only_me,False,b5474373,False,1597936950,6.436,11.2,,True,125.1,138.0,False,True,0,0,False,5.0,4591892,1,a1483092394,opncIkycg@tCqDsGs_@}HsS}IyGcRzCgCxA}CdHDvKqClHo@bKaLj@BdM}HGoAvJmFD_CfFqMuDmF|Hp@|TcIvVaEnGaIXcFfGsH_@oXzNwJdBaMe@cSyH_JhC_DiDuFTq@iC{PfKkM}z@kMdG}FySyDvCiDuJwDq@,2,,107.2,150.1,False,8.1,-2.9
42,2,Ochtendrit,9005.7,1417,1470,25.6,Ride,1482919958,garmin_push_2592883426,1597759522.0,2018-04-01T07:15:20Z,2018-04-01T09:15:20Z,(GMT+01:00) Europe/Amsterdam,7200.0,"[53.219043, 6.574731]","[53.163779, 6.578397]",Groningen,GR,The Netherlands,53.219043,6.574731,1,0,0,1,0,False,False,False,True,only_me,False,b5474373,False,1597759522,6.355,10.8,,True,127.0,157.0,False,True,1,0,False,9.0,4591892,1,a1482919958,_xxcIybcg@tBo@nEvKhEuDvFlT|NoG~Kjz@pQkKZjBzFJdDnDxImCnSxHlJd@dPyCdUqM|H`@fFgGrHOfEsGjI}W{@ySvFeIlMnDfCiFtFWjAcJvHHC}MfLg@f@uJrCiH?yK~EoIpT}DlI~G|HxSnGd`@sC~B,2,,115.4,163.5,False,8.0,-2.9
43,2,Middagrit,33220.9,4180,4240,78.6,Ride,1479459441,garmin_push_2588648686,1594114379.0,2018-03-30T09:43:19Z,2018-03-30T11:43:19Z,(GMT+01:00) Europe/Amsterdam,7200.0,"[53.213579, 6.574813]","[53.218799, 6.574843]",Groningen,GR,The Netherlands,53.213579,6.574813,29,3,0,3,0,False,False,False,False,everyone,False,b5474373,False,1594114379,7.948,12.1,,True,148.9,180.0,False,True,5,0,False,85.0,4591892,1,a1479459441,ygxcIqccg@s@f@cDiILoNuYkkA`BeHeAiGs]egBaB_Q{DgIed@_cCnDcPzRa\nz@a`@bYe\hCeIzG{o@fFoTlCih@Uai@mZc_CpN}`@tFqHrE`Bxc@qA|n@qTzUwNhXy]nGaQ|Nwm@lHss@~@ibAwJim@toAzBdBfGnJFq@`s@ud@nnElA~{@yz@~yGqThi@iIdd@kMvf@iM|UwBla@}CdNyWrk@ki@ta@hClFbJvFhCjOyAfVcCdMqQv\afAp[sDdIpRtw@uNpRAnD,2,10.0,156.6,654.5,False,5.2,-4.0
44,2,Middagloop,9247.8,3194,3274,20.4,Rowing,1478401408,garmin_push_2587340375,1593010330.0,2018-03-29T15:57:13Z,2018-03-29T17:57:13Z,(GMT+01:00) Europe/Amsterdam,7200.0,"[53.184637, 6.570429]","[53.201836, 6.563499]",,,The Netherlands,53.184637,6.570429,0,1,0,1,0,False,False,False,False,everyone,False,,False,1593010330,2.895,3.8,59.0,True,64.7,91.0,False,True,0,0,False,3.0,4591892,1,a1478401408,}rrcIchbg@vP{c@z|@cgAhfAa_@zQmQ_W`S_dA|]kz@|eAiVlm@eObQmg@nWgKNaX}IuFfA,2,,,,,4.7,-1.5
45,2,Middagactiviteit,2016.6,692,692,2.8,Workout,1478399604,garmin_push_2587338433,1593008582.0,2018-03-29T15:45:10Z,2018-03-29T17:45:10Z,(GMT+01:00) Europe/Amsterdam,7200.0,"[53.20137, 6.563673]","[53.184795, 6.570169]",Groningen,GR,The Netherlands,53.20137,6.563673,0,0,0,1,0,False,False,False,True,only_me,False,,False,1593008582,2.914,4.5,56.2,True,91.2,119.0,False,True,0,0,False,1.0,4591892,1,a1478399604,q{ucI}}`g@x^~IvLs@ti@sZjNiU,2,,,,,2.6,-3.0
46,2,Avondloop,6562.8,2101,2107,20.1,Run,1476707527,garmin_push_2585270603,1591262366.0,2018-03-28T17:07:33Z,2018-03-28T19:07:33Z,(GMT+01:00) Europe/Amsterdam,7200.0,"[53.219074, 6.57605]","[53.218183, 6.57636]",Groningen,GR,The Netherlands,53.219074,6.57605,2,0,0,1,0,False,False,False,False,everyone,False,,False,1591262366,3.124,5.0,73.2,True,167.1,185.0,False,True,0,0,False,76.0,4591892,1,a1476707527,_mycImncg@gK~NmSpg@oJ}VaRbVcXgu@ePgMg@_RfCeMxGkO~OeLdOiYvApBvCmA|HmKdFvLpJkIhBjFrF_F~ZnxAaD~I,2,0.0,,,,4.0,-3.3
47,2,Middagactiviteit,2600.2,3268,3268,0.0,Workout,1473186281,garmin_push_2580855777,1587624115.0,2018-03-26T15:05:06Z,2018-03-26T17:05:06Z,(GMT+01:00) Europe/Amsterdam,7200.0,,,,,The Netherlands,,,0,1,0,1,0,True,False,False,False,everyone,False,,False,1587624115,0.796,5.4,61.8,True,135.8,180.0,False,True,0,0,False,27.0,4591892,1,a1473186281,,2,,,,,,
48,2,Morning Ride,38072.1,4925,5325,89.3,Ride,1466951232,ED65A97E-CB57-4BCC-93DF-AB5784E55989,1581093180.0,2018-03-23T07:08:20Z,2018-03-23T08:08:20Z,(GMT+01:00) Europe/Amsterdam,3600.0,"[53.218832, 6.574778]","[53.218942, 6.574774]",Groningen,GR,The Netherlands,53.218832,6.574778,7,4,0,2,0,False,False,False,False,everyone,False,b5474373,False,1581093180,7.73,12.7,,False,,,False,False,2,0,False,,4591892,1,a1466951232,kgxcIy}bg@~C~PzAjA~MaFl@fAlQftApX~vArEzK~CpQfHtBtAvHj[iCfEhi@~v@eWlS}b@dLsI~Cv@fCjy@|Ddb@d[hfB|k@oJ~K|d@fWqQjIj_@fEzJ~Gjr@fb@lIxAeSfH{FbGib@lFmMdNmR~G}EpO{WtBgb@yE{t@FgTiG{UpFqXwF}n@zi@m^gFqa@CmXuAwSeYcGw^_@oGwCmDgF~S_O~n@o~@jDkLdGma@`u@{y@jDyP|@}RcAM_EsN{BoAah@uIeVhAiHpD?nCcNbHsFkUmNl@{GrI{ArO_JcF_R|BmbAb}@em@pUwLjB`MoBZdBeVnGeDtHGfLuChH[fIqKh@QnN{HMqAxJ_GPkBxEeOmCoEzH|@xScIdWyD|FqIl@wFzGsHo@k^dQsQQyTyHoHlCoDcDgFPcAiC_PdKcMsz@}T`IgK_\cCaCw@lB,2,10.0,141.1,694.8,False,8.0,-3.5
49,2,Lunch Ride,113698.0,14811,18383,360.9,Ride,1229874553,EC85D402-CD70-4F64-80AE-52BBE2064962,1336105257.0,2017-10-14T10:08:17Z,2017-10-14T12:08:17Z,(GMT+01:00) Europe/Amsterdam,7200.0,"[53.202231, 6.563572]","[53.202399, 6.563234]",Groningen,GR,The Netherlands,53.202231,6.563572,46,23,0,24,0,False,False,False,False,everyone,False,b5474373,False,1336105257,7.677,14.0,,False,,,False,False,46,0,False,,4591892,1,a1229874553,}`vcIi}`g@~o@|Elf@{Wnd@u}@z{@qgArc@uQwWyrAr@wLhXoPcLua@hQcm@`SwxAxkAo~@bsC}zAhJu[l_@ySb]_h@lJtD~E`]p]cTfG`Vpu@oa@aMo`AA}QhHr@c@yIqP}s@lx@}`@kDqzAjc@iMz{@gwBaFcZ`m@{_@~j@ufAbLeA`h@g`AvdAoiA|LdW~TmYdIjEpMiMbEqIqOyZzh@kv@`CdDjSoRsDme@nBaS|Q`Oji@bnBt\_ZkPyr@nF|OvRiq@ba@kQgAu_@hrBshAuDs_Brf@mMsC_h@`sCyhBoM~i@g\jZoUtf@lLbl@gB|Y`MdjAvMrf@}WlFg^ps@kMllAlFri@oKnFtNfl@yNsl@vJmMqEub@|NyoAv\eo@fXsE|Y|e@dd@dyAqHawApMy~@dGoH~MlPnIcDfWge@pXoPx]ge@xKm@wUc_AnFcd@iFjd@zTb~@eOjPnHdl@yAfZrRnA`[oQf~@naBg_@|i@{BtXic@xDjCvfAcLxIwsBhFab@eMm_CfSgJ_f@mKgHyBdOkYj`@_`CdhCgWpIqWyHa]lVpGfe@sJ`e@ae@jD`AfpAmxAaWyXlIwhA~hA}k@eDai@x|Akr@`y@_[`[qa@fFww@n`@gQlUd]zkCgv@~_A}OoPec@tIgc@_sB_LnEacA~zAg@~L{p@lkAsaBfzBgw@|v@wkAxt@aeB`{BokAdn@tGff@R|dAq]kF,2,10.0,141.9,2101.7,False,27.0,-3.2
50,2,Morning Ride,22344.9,6047,8370,143.2,Ride,1210077233,8112E6D3-83FA-4838-B41A-825F7BA99534,1316076757.0,2017-10-01T08:56:19Z,2017-10-01T10:56:19Z,(GMT+01:00) Europe/Amsterdam,7200.0,"[52.953361, 6.341395]","[52.953235, 6.341465]",,,The Netherlands,52.953361,6.341395,3,7,0,2,0,False,False,False,False,everyone,False,,False,1316076757,3.695,10.7,,False,,,False,False,0,1,False,,4591892,1,a1210077233,omebIupue@tFa@mAn@fEpLjC`XI|KzD`Aa@tFzIzMk@jFfCtKkA|GbBl@uD`[gFzCt@fB`FPxGiBlAjCd@`SdCwBn@cI|Bo@DfCzAuA?iCbDtBzEgFH}CnF}AX{CbCVjf@wUlE{NcBsZrDoCy@uMjJy@oBkYvw@xNbM`^~GcKzCbDv@dJtCj@lBpErB[vE~Gy@jEnCdKgC`CbAtHdKoJlB|DiKtRdArG}BiB{@hEKtBfCrG_@tKuN`VjGbc@cFjMHfHxGzJwDhUkNgNuCfS_ExFFrVuFzNKfE}Ab@tA|A{CrBvCsCkBXwD~EcA}DaFnImCs@o@tBcHkTyEkHmVaD{EoFA_CkDi@sC{L{LjJsEeDiFaJnD{DCcBaE}GgClBc@gIoJ`@iL}C{DrOkJiDeB{Zl@_HsA_K`AoFm@eF|A`CtAeLeA}DeCDCaD{DoIb@wA{AAG_DFsMfA{BdFfBMfHzCqAkAi[x@gCs@mDr@wD{@{Ff@qL_BeAfAqJoAoJlAk`@uNmIqGw@yF_[k@jAr@x@_Bo@q@cDuBD,2,10.0,61.4,371.2,False,26.9,7.3
51,2,Morning Ride,37417.4,4611,4812,98.4,Ride,1190959636,2B21F1DA-6F9A-4337-BE38-A0856E1A7D33,1296686562.0,2017-09-19T05:48:06Z,2017-09-19T07:48:06Z,(GMT+01:00) Europe/Amsterdam,7200.0,"[53.218893, 6.574891]","[53.218884, 6.574854]",Groningen,GR,The Netherlands,53.218893,6.574891,7,5,0,1,0,False,False,False,False,everyone,False,b5474373,False,1296686562,8.115,15.2,,False,,,False,False,5,0,False,,4591892,1,a1190959636,qjycI{ubg@gD`BzChXaBdAB|EiL|DaW|YiSxIsI|^iMjGdF|g@m@gAuLtFoIvIwIvDo^zK_JtNaN`LaSx^aC]uDrQiH|GgDpPiMvA_EsGaF_BoEtIkM|LuHfP_X|^gAbKmIxL{DtUcEnAqOxUk`@|UyTbCgFvMmGnE}`@jAWf}@qPhD_@rH|BvAa@nHeATmDlk@sFlCeBzF{I|Kk_@lDqGbPiG~@LyFcDcWd@{j@wIsc@bDs_@rNkFf@aK_AuPsBgHXwGwKio@qTdP_CcKyBuAgSfGaN`KqOPDvDkEzEsE`O}C}CyArCqKr^cZwlApHmIf@gGr@iRkAej@hWyHfBbAzJm\zFcJpo@}ZpNcOjMoFn\zBbSkKdHq@p\tEbPaChYnA`a@}OfVlHrNuCrIwFxLxAdd@yDhj@oOb[kSlAsMdB}DzO_UdEgAbFcJfA{Mbk@sUdNwBPkKkCV|Du_@hGqL|Oiw@rZvx@fScYfJxV`Tah@fJiM,2,10.0,157.0,724.1,False,16.0,-6.0
52,2,Afternoon Ride,38046.5,5377,5800,110.3,Ride,1185159924,C2B93CCC-6170-4450-B0EF-AABCE6FC15C0,1290793109.0,2017-09-15T14:11:50Z,2017-09-15T16:11:50Z,(GMT+01:00) Europe/Amsterdam,7200.0,"[53.218752, 6.574904]","[53.079079, 6.262942]",Groningen,GR,The Netherlands,53.218752,6.574904,5,2,0,1,0,False,False,False,False,everyone,False,b5474373,False,1290793109,7.076,13.4,,False,,,False,False,0,0,False,,4591892,1,a1185159924,{wxcImccg@bCG|DrJdEeDhG~SxM_GfRtqAmAnA~@Ol[l~A~CfG~CxQpF`Bt@~GdAp@d\sB`LjgBjyAs}AjFxw@b[leB~k@wJtRv~@h@r]``@dQzSlDn@nLdQtTbFABvK_AdDhCtK~JpsCmAbRxCvBbFr_@z]m[nWwu@vKtEz^h`@hJvE~Jh@~Cdj@fFfNvGu@lFsMlFN`QqGt@iI|C}@lBlKrEvGhUnJhJjIa@rOxAjGcFrIw@zI|D~LgBbEO|PdVpv@xR|^`ArMvGjHx@vEaAhQ`HxIpEsIzBVxOtl@|S`eAzIbPxJfDjPqGfCpm@CnzBfCd^kEzk@XrhDwAjJ}Nb[yHf[{T{NeDn@_U`|AzEfQpFrd@bP~i@vUhj@`AbGxCjBnH`OvUh}@~FrPzK}MgBuI,2,10.0,134.0,720.3,False,11.6,-5.6
53,2,Morning Ride,33143.4,4181,4184,102.0,Ride,1181005000,C8E0822F-FF18-4B75-85C3-BD42C57BE064,1286591189.0,2017-09-03T08:30:26Z,2017-09-03T10:30:26Z,(GMT+01:00) Europe/Amsterdam,7200.0,"[53.218972, 6.574772]","[53.038715, 6.662058]",Groningen,GR,The Netherlands,53.218972,6.574772,5,0,0,1,0,False,False,False,False,everyone,False,b5474373,False,1286591189,7.927,12.3,,False,,,False,False,1,0,False,,4591892,1,a1181005000,}wxcIkccg@vCK`C|JxF}CnFfSdO_FzOhmAjZr_BhEtJpC~OjCzDfCR`BzH`]_BrCrc@hApCtw@sX`L{YxQoQvD`AvAld@z^e_@`_@eFjYdF|OcJrB~AzFzUpGxDrFuCnCzEDdb@v@vEru@bFdJyLdc@n@`s@hXtPhAzDyK~PmDtDgLbV_OrElA~DjKpKfBdKwO~i@}Tj\k\da@eU|C{Q~a@qq@|a@s`AvHyVt@wL|FsGzHaDlFgK_AqJ~BkAj@kMoOwmBb@sd@tJe_AkEqg@iB{j@kQkmA|ZuNzMfHfBkElIaGbHjo@tBXjI}JbIqn@fCaKhDeB`ShLdIrI|HjO|OnG`ObLjLjDtWPcCgc@~BoM|b@we@l[}w@,2,10.0,157.6,659.0,False,12.8,-4.8
54,2,Middagrit,41553.5,5167,5230,113.7,Ride,1106894381,F96608C1-80C5-485F-B92E-8512FE2E4470,1211342121.0,2017-07-29T10:55:32Z,2017-07-29T12:55:32Z,(GMT+01:00) Europe/Amsterdam,7200.0,"[53.218893, 6.574751]","[53.218793, 6.57483]",Groningen,GR,The Netherlands,53.218893,6.574751,15,6,0,1,0,False,False,False,False,everyone,False,b5474373,False,1211342121,8.042,13.2,,False,,,False,False,8,0,False,,4591892,1,a1106894381,ywxcI_dcg@`CMxDzKjEgDzFtS~N}FxK~{@lZgIlCxBxCvRuMxG_OxAtc@pvBrGvDaA`IcZtKcEzI`VfxAdHdZqDlGuBHCdCdClEwPpaAkClv@iEKiGpDhA~A`Qi@w@no@|Jdt@rIl_A`RbnAnLjrBjAll@bEfDnJrv@~DDnAqCrm@cUJnDbCZ~AbQnG@DfOlB`MO~NdFz@zIdSfVvEf\ThGzFtIpVzDd\`L|FvIsKzAgU|JuYkAwGx@vGpBwC`v@ipAhc@qSpKuOlDkl@|D}@a@iPnFc@tAeBPqFwQcVyQ_q@{Iwq@uDuHt@{S_J{fCiD}UlAwBSsLkFGkPcT}@mLiKkBkGqp@qEuJaIi`@_BOyTzQiLoe@{IvDq`@fEi[{fB{Dkc@mBqv@iEqAmLxI}ErIcAaB}Ca_@_EsLLwBkQcHyAeGoAyIzCkXmJ_GuG}m@mXrL{POEmCsVwHyOrCmDkD_PnKiMq{@aNrF}EyRmElCcFcL{BG,2,10.0,163.9,846.9,False,8.1,-4.2
55,2,Avondrit,58428.0,6929,6987,163.7,Ride,1102791420,BCD2B729-7F09-4C65-9A0C-5E01EBB52009,1207183047.0,2017-07-26T16:05:56Z,2017-07-26T18:05:56Z,(GMT+01:00) Europe/Amsterdam,7200.0,"[53.213417, 6.57483]","[53.21887, 6.574883]",Groningen,GR,The Netherlands,53.213417,6.57483,28,8,0,5,0,False,False,False,False,everyone,False,b5474373,False,1207183047,8.432,17.9,,False,,,False,False,12,0,False,,4591892,1,a1102791420,yfxcIuccg@mApBbHlVhOiFfLr{@nS_HbJjAhDjUbId@tHnFgGfRdGjJ_@jIzAjI}A_Jl@oI|SxNsCzJqRlMuFjIbGvWEhIgB`F\vFp^m@xEnh@pw@aWlI{VdFaIhNgKn@fBvBk@~A`r@xEpi@jZfeB`BbAli@wKxRb~@f@f^{XtBGpx@_SiD{Bd[wM}JkGsAgJyUyj@me@aWpC_`@oEyAmXqFqBeKhCgLvNaE~H{BpOwOvEsFtM{DvCg@lOeAbBVdSpJlr@`Dlc@|WfkBJdOnKzyAbBvu@lFtCo@vGlZ|kBxOhb@h@jN`FtYtYx@bDzIfB`a@rGbYs@lC~Cp^bE|NnFfa@lQhn@tUtuB~JpXpDvN]fAmN|CeHeBeIhBcErF}n@xNiEuDeKMwy@`QyMfMegBlJ{R`H{e@fAv@emA`Ged@}FsW@{TeIeS{BgT}LrC}BmDeL_@yOswAqJwb@sCuAg[jE_Zo{AcHiRKcLoEsUy@qTj@sDgCcMeAeR~KaChA_HyR_{A^eFeEo`AgIos@mAmz@zE{|@zX{{ChJkg@dBwCAcGj]erBpIyYfC{XrGyMO_Idj@mWwDe[v@~@|IoG|SyVdBqEa@oFlEe@fFmMVuNwA}XnAuR|BkKwCIsMco@dMeHKqC`BsBmCiUhEcB,2,10.0,176.9,1225.9,False,16.0,-4.2
56,2,Avondrit,61780.4,6955,7215,177.1,Ride,1094877479,ABC04881-26D9-423E-98E4-350B036A98E5,1199159699.0,2017-07-21T18:19:57Z,2017-07-21T20:19:57Z,(GMT+01:00) Europe/Amsterdam,7200.0,"[53.218855, 6.574938]","[53.21884, 6.57487]",Groningen,GR,The Netherlands,53.218855,6.574938,31,8,0,1,0,False,False,False,False,everyone,False,b5474373,False,1199159699,8.883,12.0,,False,,,False,False,28,0,False,,4591892,1,a1094877479,sjycI}rcg@O}BbEuA|NiToRq{@`DsFhYmIb@sLoC_WkC{HjFeKhHiGjEq\tJsKDsCsGgNIaFxAaHpMeSah@uwBjA{CxFsBxWk`@jI_HmFakAqOmElJwq@f@_y@k[obCzSgh@bHh@xGiCiUsoAi[}wAwKoV{AmNsHkM_Fa}BTgNdJeN``@mtAoYa[ob@{n@_Pmg@qOqY{F_WeMk^bDaJ}LyHcPse@yFo\o@g[uBiNfAcSeAuFkW{|@s_@ihA_`Al@sNnN{H`QwaAbhAuMvIwJr@uHqFai@O_Q{OwNsFqc@w]uQH_^{Et@_dAuC{`@t@}MpFz@rG~wAnA~FsAhKoH}G}FeAaO~EgHuAa@dBwEoDaBjH_ZuNoH}Fk@mDcE]x@~\rJ`It@jn@sDjM_N}OeA~SRpR{A~QhBtRM~X`TvxCd@x`@lDbLbKrxAlAdb@~E|[[rOpCxL?d_@`Ebd@`Ar\_Jve@HdJxCjOdPHzG~HlFp@pSzt@tGpM`MpKre@hKzs@dmAnFbGnFd@nGrFd|DttGzKvY|KnRrOvQvf@n{@gCeHdAmFdCBfRteAvH_F~AfEdb@nzBpDlIH~Gja@zsBsCxJ{QnLlKvh@vJvZ,2,10.0,185.5,1289.8,False,8.5,-7.4
57,2,Avondrit,37843.0,4643,4982,88.6,Ride,1089840406,95E2ED27-3293-4CAC-8225-A3F2D958367C,1194059764.0,2017-07-18T16:06:30Z,2017-07-18T18:06:30Z,(GMT+01:00) Europe/Amsterdam,7200.0,"[53.216542, 6.584201]","[53.218771, 6.574924]",,,The Netherlands,53.216542,6.584201,9,4,0,2,0,False,False,False,False,everyone,False,b5474373,False,1194059764,8.151,13.4,,False,,,False,False,1,0,False,,4591892,1,a1089840406,kzxcIg~dg@eMoi@rAqGib@sxB_@mI_DwGyd@sbCfFkT~PmXbz@{_@rYu\lCaIzGmo@dFcTdB{Rf@wz@wQooAuHwu@vUgg@xj@@bX}Hzk@kYfUgYvJmSpOen@rHyp@bAkUIyx@u`@guB}Noh@yTgl@cU{Ymr@_t@uDrNqElHaH_Qw_Ap~CiHtI_AfGjFrfCvGzKrB|OrKvVn[nyArTvmAgF~BeIs@kTvg@tH`t@tQtlAGdv@sAlRiTxuAiZp]my@~^yPlXuF|Txd@jdClDvHzBxTn]hfB_B|LpQhv@qMdREzD,2,10.0,155.3,721.0,False,8.6,-5.3
58,2,Middagrit,20923.6,2828,3823,73.2,Ride,1081619423,8453448B-E1D9-441B-987A-5792039E9497,1185678158.0,2017-07-13T15:08:58Z,2017-07-13T17:08:58Z,(GMT+01:00) Europe/Amsterdam,7200.0,"[53.217265, 6.566071]","[53.323479, 6.516813]",Groningen,GR,The Netherlands,53.217265,6.566071,3,3,0,2,0,False,False,False,False,everyone,False,b5474373,False,1185678158,7.399,13.3,,False,,,False,False,1,0,False,,4591892,1,a1081619423,{~xcI}lag@cHhCgA}IwEdBeIhEc\z[wKlCmm@}d@y@jAea@{UuHuJxA}HyCeFmhAckAcg@{J}p@sg@aBt@yh@kc@uFiIcaDjg@gVy^ujD`|@eBdIbBlPLzfA~AdVuApZlBnh@w@bZr@bTlBbLEzZlAhUmEpl@dB`RtFtQn@|NhCvAoCjB}@lYtBjObKdKJfEj_@_H`E}CnD|E,2,10.0,140.3,396.8,False,16.0,-5.7
59,2,Heerlen - Luzern dag 5,84419.7,12831,21101,1081.8,Ride,1071909716,D30440F2-DE37-4839-82DE-A1FA44E02600,1175802820.0,2017-07-07T06:23:24Z,2017-07-07T08:23:24Z,(GMT+01:00) Europe/Zurich,7200.0,"[47.550554, 7.833603]","[47.078464, 8.32164]",,,The Netherlands,47.550554,7.833603,15,18,1,2,0,False,False,False,False,everyone,False,b5474373,False,1175802820,6.579,20.6,,False,,,False,False,7,2,False,,4591892,1,a1071909716,}efaH__yn@{IvFqAoHeD}eAlJcd@cLoMz@gJ}Hue@gCwaA`Fgb@cBoZ|I{iAnKm]~Beb@~\qaBnBob@{@mn@~Nqt@Zc^rK}gAu@qa@nUq}AlSer@sFi]`Ycx@by@s{@|CmPjP_IxP{TbLtBfWgVpDYtElNde@csAbCsk@wEcn@p@af@dPkwAb@uc@fVui@tKs|@db@q`Bi@_r@tc@_eArHox@tf@`C~RnKlGaHtL_g@`]mg@hRvI`K_BbDjH~TtAbe@qZ`FxA|EasAu@{n@d|@nSdgAuXj^|MpDeGKtDxQ|S|g@wc@xXaa@`T}@fKaMxWuKv]HjDfJxFPkClH`FlMzDuFpJjA|\dTzf@rJ~vArt@`pAbPfU{JjqBcwBrj@sWr{A_pAnaFob@jJ_TtZo[|cBmvAju@q`@~n@meA@cGpJGtGiHnJse@`HaFtCE|Hxt@jZ|Enc@_Dn~AqbAlr@uq@`OaFhi@}k@nmAct@mOcy@pBiR}F`EYmOhLsu@ns@czAdcAiXneAa@dGi@jKmN~o@R`PcNx`@cKz\nc@j{Bh`Ajm@bMpGi\tJ_H~CfDjAqEiAwk@,2,10.0,147.3,1890.1,False,594.5,289.0
60,2,Heerlen - Luzern dag 4,136982.0,19924,29191,565.8,Ride,1070986869,37C8F54E-61CF-4878-994A-82CDCCBA847C,1174872583.0,2017-07-06T06:32:00Z,2017-07-06T08:32:00Z,(GMT+01:00) Europe/Paris,7200.0,"[48.409206, 7.706666]","[47.5571, 7.815034]",,,The Netherlands,48.409206,7.706666,12,13,0,2,0,False,False,False,False,everyone,False,b5474373,False,1174872583,6.875,12.2,,False,,,False,False,1,2,False,,4591892,1,a1070986869,o|mfHse`n@`d@owAta@{Gxt@lQ`nAmAv`Aq^zjAwcAb{Bci@df@pDzUdO~Tt]hj@fgC}UdZLpPkGrBzHmCi@oOjVaYjd@lfClSx`@jk@vl@rb@zKdVb[vObElzAoHduDhe@z~@tY`_Apm@nhAlmAddCplAvf@la@vkA~xAjl@fzAfIbw@joAlh@`bAzJrfBbv@xl@gC~}@ka@bb@`Cv[rXtVjmAt|@pXbdCoYp|ApFjsBw_AjWyApZnx@}AhKf[lDaTsfA`Us`@gAsPxJ_BlD{KjHiv@vZqi@lt@_Mx_Aet@bCmi@li@uAtv@tLfj@zXhvBzeChFnUbu@xs@~l@|]b`@aBr\~KzUfZ|o@pPrc@w[~eBh_Ahh@nKvdEeZvfAl^pJ~QcAaLh{Ajf@frC~hB~Uvn@fW`KiOjg@eAiJwBnCpCzAnTwg@~pAmSf~@~Dra@aLfF{CnAek@zMgRpdAqh@`c@mErg@tNppBztCrg@dd@vU`DhhB{i@|uA|PhwA{l@tDcQnUcUt_A}eBt~BayCta@u|@~^}NlTuf@di@mFtTjQnP|g@|@gEcKmKh]qj@_@cK_WoIfC{d@n`AnFzd@kXOgf@hJ{OvFux@~z@c|@wC_ZhDcj@ln@syAbV_eCeEqsA|Rcy@jWghEcMq|BsWonAoZotCoImQzKkYiHmp@`OmLeTkvA,2,10.0,119.6,2383.1,False,305.0,145.2
61,2,"Heerlen - Luzern, dag 3, -20km",161800.0,23189,34477,668.5,Ride,1069421083,3929F237-8779-49AD-B815-596D4C251044,1173286910.0,2017-07-05T06:27:02Z,2017-07-05T08:27:02Z,(GMT+01:00) Europe/Berlin,7200.0,"[49.446049, 8.431914]","[48.409394, 7.705969]",,,The Netherlands,49.446049,8.431914,7,9,0,2,0,False,False,False,False,everyone,False,b5474373,False,1173286910,6.977,10.9,,False,,,False,False,4,3,False,,4591892,1,a1069421083,wlxlHmzmr@`h@yXyH}pAnVye@{EwwBpj@mwBmMyeAz_@bKtOtn@rQzKdgAiBllAzmAbVxpA~n@n}@nvA`B`t@s~@lm@pf@ftByCxn@zfAliAdf@~SkFzC|RsL~JIlVtYpj@sJ|_@|W~TVd`@z_@tAnl@vb@tzDxbEzw@faAdFbbA`f@pq@hcAk\dA_Z~w@krAuFn^vJfIvQiVhFeq@kf@wBwK`OrFcN~w@`Ch\eRYwVtu@_JlaCbWht@~bAbnCp~@~Nr@hIgc@fcAfIv]nk@jyEdZvyAfbAnb@re@lNjo@vj@bY|Edw@oYnP_Hvc@rTdeA|mAvzBtg@l\~{@_Lbb@wmAxTmfBnfA|UgDf}@|Gtp@p]pd@bK{Jnb@ba@naCc^zo@t~AlRhcApS}Sdl@dtAj\dfBuHxZl]jp@xYpxAsHxLlNbfAd_Ap{@DunA`zApcA~rAd`BqDnKjNeCwFds@|m@~{@zSxv@|h@kb@zz@z@`}AflAlQjlAj_@|k@|VtfBj`BdyDl\xCv|BnwCjhAxxCdn@`p@liAla@nWjdAhaAkl@rk@fJtOrWdp@peC`ThTkKzk@~gCfzFft@ze@l_Air@vi@d@pYeXvIhKze@y]jr@rm@zJj}@qBvt@o\`c@qYfBlo@bf@bElu@hbAbqApEfWoFtLtcA~bD`fB`uBzoAnuD`q@xVv\_JhYvq@~|@~ZdfS~oFjcCfWjaKn~CvBaM~`Bke@,2,10.0,120.7,2797.8,False,154.0,88.1
62,2,Heerlen - Luzern dag 2. Tip: blijf de Rijn volgen,153394.0,23105,31598,1240.2,Ride,1067770380,85B740EF-21D1-412B-B54D-59976AA4AA29,1171618064.0,2017-07-04T07:00:10Z,2017-07-04T09:00:10Z,(GMT+01:00) Europe/Berlin,7200.0,"[50.286586, 7.603061]","[49.445915, 8.432209]",,,The Netherlands,50.286586,7.603061,10,11,0,2,0,False,False,False,False,everyone,False,b5474373,False,1171618064,6.639,14.2,,False,,,False,False,6,4,False,,4591892,1,a1067770380,cr|qHc~km@vN_mAjTsLf~AmpDhg@_Xd_@pEbXtf@pGf~@sTtmEdE~x@li@`mAde@xFz\km@rM_xBve@_`A`}@ab@vv@qjBbs@si@dm@{H|q@rSx^i[rn@y_CvCyuBhR}fApkAefAz_@iwApp@h@d\{kAp_@aO|fAdiB`[vB`jFgvHnlBBpi@iYrf@i|@zx@mdClcAosAxoAm~DzZ{[frD_v@fm@maA~SskAcCw\h_CwdAjYrHf@{`@`X}a@t~DyVf`Aiu@{@_QjNgAfTgh@h@g`@pTeRmJu\~T_GvQqfAh`@_En]gz@xShBzd@oe@rQu_B`p@bDzhAevAjTkmBnNvFdNe^lFk|@cKauAtaBcwAzv@n_@q@{kAdb@cl@[sStb@gYYqQhw@kcAuMofAjv@pEvnAsU{BmY|~@rBls@shA`G}Us]spBpOuJa@iLqc@_oBpIqLuAsv@xNkbBhy@{xBrCwr@bJsBd@oa@rYkbAn{BkjAbhAjd@~`Agh@rLub@liB_wAzLik@|r@g`A~mDio@eCgiA|KunAlQeYzR_sC{K{G|Cez@f_@zIdJ}Zf_@iR`_BkuDth@`MaAk_@tdBe[lV{o@~m@g[l~@bm@jbAfFz]aQ`GtT`j@eDl[zeAhw@ul@ds@iPhXftAhbBrtAfNtb@h]ylAfUlGoJsBn@oT`d@c_Gj\wTzsBbfBtS}e@`XnJt`@eq@,2,10.0,126.6,2924.1,False,208.0,65.6
63,2,"Heerlen - Luzern, dag 1",170734.0,25452,37492,1367.0,Ride,1066125725,098792A5-A845-45BF-8310-63A61058839D,1169955740.0,2017-07-03T06:09:00Z,2017-07-03T08:09:00Z,(GMT+01:00) Europe/Amsterdam,7200.0,"[50.877111, 6.075517]","[50.287431, 7.602612]",,,The Netherlands,50.877111,6.075517,8,17,2,2,0,False,False,False,False,everyone,False,b5474373,False,1169955740,6.708,15.4,,False,,,False,False,0,3,False,,4591892,1,a1066125725,}|ouH}rad@tIg@vJcZ_R{Xfv@an@rAwKdIt@Aub@fLsW|w@iY|Web@jZoH`MeSdMm|AuE}_A`Huu@zb@ee@jTejA|b@sg@vZmlGuCqsEnb@emCuH}IgOsoCis@e~Ar]w^}Es_@j^coBtNmW`ZkuC`XeSj_AowBu[kfAvh@mbCaOs[pW}u@yQml@rL}_AI}v@_h@}x@wTgsApL{Vwb@aeCmNuyDiMyl@jT}o@dAwhCqHya@eLF_VacBiHa{B|MiBk@uvAz`@YvWg{@nc@oxE{J{{FfM{HiIi}@n@_{@tCaaA`OdBvGyfHtv@qtAd`Akn@lPqq@rCxEqEoGlFbHiC{DvQk`@hp@{z@fAwLoHoJvJmQ\c`@w[qq@ve@obCgKsnCp\ia@tb@szAd_@ok@zDq[vTrFz^ujBjAcj@~ZwgAmRsR|I}\aO_iAlJcbAmz@}~Av\ohAxNuiA~@_b@}IbFeAcWoHeEnEubAe[|Eo`@iuAmc@yw@tGqOqGkGxBoMza@ei@rwCcfAhi@_dAfa@umChm@}uA~h@we@v`Ben@~iEm`Eh~AuBxs@oV``AdObaBu^jb@dZdh@{I~v@ykA~^usE~e@qjAno@ai@pwA{XdsEssBj{CavCnI_]vzAkpB`dAee@jx@qiAd_@}fAhe@wrCpNsrE}PoJtYon@~zBibBrf@o{A~DyvCwU_lBad@_dBda@qlDjRkv@`q@ubApf@mjAt\zJzt@c}AnV{JnxAphAfWeCpq@xVn~ByI`_Axc@mGkIfcA{FrhAik@baAeu@ni@eiAqM`x@lCdNeHpI,2,10.0,130.6,3325.2,False,210.6,-263.8
64,2,Proloog,9350.2,1660,2016,121.7,Ride,1064738343,9BB4F57F-E8F0-4AD9-82CA-522A856AF437,1168552643.0,2017-07-02T19:17:33Z,2017-07-02T21:17:33Z,(GMT+01:00) Europe/Amsterdam,7200.0,"[50.88748, 5.981147]","[50.877648, 6.075571]",,,The Netherlands,50.88748,5.981147,0,6,0,2,0,False,False,False,False,everyone,False,b5474373,False,1168552643,5.633,12.3,,False,,,False,False,0,0,False,,4591892,1,a1064738343,w}quHceoc@sHlBiAqTwBQ}Fqm@kKml@e@eMuT_~@g@gXrG_BmBwb@x@ai@mAki@hEgb@jGgUoGyz@`Ega@lIuXtPuRhJ{ThA{@~CjIqDqJvKuTfP_OnQsUfGfOTdFdEzC,2,10.0,128.5,213.3,False,151.0,95.7
65,2,Middagrit,40902.2,5175,5536,104.3,Ride,1045885487,00611CCE-7C75-4E52-A8B2-48131588962C,1149312720.0,2017-06-20T15:18:10Z,2017-06-20T17:18:10Z,(GMT+01:00) Europe/Amsterdam,7200.0,"[53.218834, 6.57481]","[53.218858, 6.574903]",,,The Netherlands,53.218834,6.57481,6,8,0,1,0,False,False,False,False,everyone,False,b5474373,False,1149312720,7.904,13.4,,False,,,False,False,4,0,False,,4591892,1,a1045885487,onycIghcg@uBaBgEcPwLnF}Oh`@iUf\yJjYkJ~i@tIzy@oMtFqPzMc`@xLsK~NgM`K{Sd`@iCK{h@|gCqEvEFhNqErZkJzpAaSsK}PkDeLcUyHaFq^cEsL_JwY`EoFzMwHhFqYLmHsd@sD\|D\`Gxb@gQEwEtGs`@fH{BoEmD|@s@eGaJvC_BcI}Jp@}AqF`@eFgLcq@qSrPqF_MuTzFkMnJgONoOgfAcAq]qQwO__@PeBvG}BeCkC}UdBsSnBkAcC{A}@eOqFkQ{AmNAuKnEad@qA_TBu[{B}Nk@}Sz@kYaBog@pAqWqBol@tAsXa@w^|fDkj@bCqG|AjFrOyCrB~\vLm@F_FxFwAAsYtiC_`@dGvInh@zb@tAw@lq@rg@|e@zIng@vk@b_@l]zDdGqAlIfGpIpb@tVb@sAmCuHlOct@pZnx@dR}WxRif@vLiE|DrO~CgB,2,10.0,147.8,764.7,False,5.2,-6.0
66,2,Ochtendrit,52869.4,6345,6548,128.5,Ride,1032826693,CE111C9B-3341-4B8F-B21D-2634707BB541,1135890684.0,2017-06-12T07:29:57Z,2017-06-12T09:29:57Z,(GMT+01:00) Europe/Amsterdam,7200.0,"[53.218423, 6.573689]","[53.21884, 6.574756]",,,The Netherlands,53.218423,6.573689,22,7,0,1,0,False,False,False,False,everyone,False,b5474373,False,1135890684,8.332,14.6,,False,,,False,False,11,0,False,,4591892,1,a1032826693,{wxcIcccg@xB_@dEfKjEmChFjRpOmEdMj_AxZ}JpCtEbMIvLfHxAiFzTUtXaOpKO`F_GjJ}@`EmEnHeX{@_U`FmHjMbDzCmGdFH`BwJrHRPgNxKU\uIvC{IMaJrDqIdM}B~BrHfPA|FhPtGha@p^d|AaAfBzBhc@hH`{@Sng@~@rU|CzGBpc@rf@jlCwCxCfHtl@Kf[qBfC{@vQ|AnYq@lRzBbL`KzqC_AxRvC|CdJjs@hR`r@hP|THvHrZdEhu@pTpk@dFzCzB`GjQnPpX~MbJjPvR|M`HrWzXzD_@lGvImg@|uBUnQcLtTmCuKkRi~@sf@waBim@dq@_Y|b@eHwEw_@|JwRdLqs@iB{AiFmEQ_s@v@aSrC}G`IaJ_Gm@vEjBdN_@rGqKvYuDjTsAeBsDjBm|@J_H{XcBw`@iDwJwXk@{FsZ{@oOiOca@iWo`BaBuSoEaDsBey@gKqeBcUa}A}Ecm@gKow@h@un@_Se@hN{ExBsw@vOg_AsBcFaEe\hF}FwT_wAaDiDkFh@_R{nAcA{WwBgAaGqc@uDkA}AiN{GaEzEkD~CgKZy`@u@uNwFiQ{EcLyC@,2,10.0,162.2,1029.4,False,10.0,-4.5
67,2,Middag loop,8027.1,5840,11616,15.1,Run,1022370292,D6CE2D05-2C83-4BF4-99DF-C1BF4E58057B,1125257501.0,2017-06-05T10:29:49Z,2017-06-05T12:29:49Z,(GMT+01:00) Europe/Amsterdam,7200.0,"[53.423684, 6.490881]","[53.423483, 6.491046]",,,The Netherlands,53.423684,6.490881,0,6,0,2,0,False,False,False,False,everyone,False,,False,1125257501,1.375,2.0,,False,,,False,False,0,0,False,,4591892,1,a1022370292,_iaeI_wrf@gAj@l@nk@s@zBuf@uVu[hE_WpX_UbN_JzJeEt@oSeMsN{XcIsHzFqWjIqUdViKlWmRjGpBf[`W~^aE`h@`XzBI`AkD,2,0.0,,,,-0.6,-6.5
68,2,Middagrit,35828.5,4147,4187,83.5,Ride,1019255135,9C01E282-505F-4977-A7E2-03E3AD025344,1122043575.0,2017-06-03T14:41:46Z,2017-06-03T16:41:46Z,(GMT+01:00) Europe/Amsterdam,7200.0,"[53.218323, 6.573142]","[53.218911, 6.574697]",,,The Netherlands,53.218323,6.573142,28,7,0,1,0,False,False,False,False,everyone,False,b5474373,False,1122043575,8.64,13.4,,False,,,False,False,14,0,False,,4591892,1,a1019255135,mjycIwubg@yM~KsEfZdRh`AxEy@bIll@pAjGdHuLbHbl@VjO_@xQ_Fl]yDpxAcHxo@_Lrq@d@xEhQn@jJls@_AxH`BzWqJlCyCcD}HjLcIfD{DqAqGuIkGvLgGfAuFdH}GOeHrEmGt[eBje@dA`]_CpNx@~[pCfYxGhSnBjPtElKtB|Vc@~D`JhSb@fLdEhQbG|GhExOjCn[dOrd@zBpW|Inc@LnUgEpRC`KpHpV`@hWoDbKeSrIc[bTcx@|w@w@|Dq]xD_\m`BaFeMSyK}GrAkFqGxAiXeLed@A{A|JgLdMaClAmFsRo{Ap@_DyEwaAuHin@cBms@`@qW~Daq@zWcvCfKuk@vAyBr@_N~Z_iB`K}^fDo[~AyC}DwCoAwF~BkFq@gK|GuDnGwJ|KiCzMqJEyBjCNbLcIzQgUxAuDU_EzC{@tEaJbA}N}Ae\pEa`@uBVcEmNaIc`@m@wJdEiSrMoJ,2,10.0,182.9,758.3,False,9.0,-4.0
69,2,ERM 2017,87886.9,14487,14785,201.8,Rowing,1009377460,exercise-2017-5-26.gpx,1111876878.0,2017-05-26T20:14:50Z,2017-05-26T22:14:50Z,(GMT+01:00) Europe/Amsterdam,7200.0,"[53.31583, 5.935013]","[52.980912, 5.451138]",,,The Netherlands,53.31583,5.935013,2,4,0,1,0,False,False,False,False,everyone,False,,False,1111876878,6.067,33.6,,False,,,False,False,1,0,False,,4591892,1,a1009377460,}fldIydfc@zR|lAhH|I`_@luAvlAr{DhEr[r^xzAjMvy@jYbTv_@tb@fDKvCie@a@_IbFalBtZm|BxDaVjAeBnC~FnyA~xAb_^bw]pEnNfPlVxu@ha@jXns@pb@nyAdp@iWjM`FrFjRtErB|LzPfL~Bhm@[bL|Jd_@pg@|SpM|HxI~K_RbFrQlM|IfDhKKnCgDbEpDbUS|V_DrFgDo@y@tFjS~n@foAt}CzEiG~C}KbHsHd@qD_F}FzzUhlHzBjCrBzJjg@tu@fp@bsAl[pc@xq@l`CwX|e@cCxHwa@ll@eNhj@_EMoN~j@uQ~[{C_@aSqUeHtK{pGddPgLyd@k]fs@cHmEfAwHvEsJLkQqA_VyGsa@dAeKoGwKoFqd@GuUtCi_@qQef@HuFuNgi@aSUaGzCme@rr@wGjE{J}OsJqGgJyQai@`aAaD_EoE}Z{ToYwEk[xBdD,2,,,,,10.0,-6.3
70,2,Ochtendrit,38988.9,5077,5238,24.6,Ride,995269959,CF167ECC-35A7-4D32-8DC5-05022248AAF0,1097372887.0,2017-05-19T08:36:13Z,2017-05-19T10:36:13Z,(GMT+01:00) Europe/Amsterdam,7200.0,"[53.211245, 6.578789]","[53.218853, 6.574823]",,,The Netherlands,53.211245,6.578789,0,5,0,3,0,False,False,False,False,everyone,False,b5474373,False,1097372887,7.68,16.0,,False,,,False,False,0,0,False,,4591892,1,a995269959,gywcIk|cg@lMkMzJvPdDtXvFBpa@o^d}@qb@hSeNj]ua@~Ucd@pVaRhHgOpIqJjtAg}@fGmF|JiRpU{Tte@uH~l@yU~ObBzMmZnEsa@lEmToE}Rs@{Ot]}m@zCaHJmHxOeSjM}WrLkK`Qa]`b@u`@l@mCi@oInFsR`S_FtNgQ~NeK|PVaR}y@ol@wm@{Vs\gJ}Twb@sg@}o@s@yn@_Mi[_BiRjBg~@eAmuA`FoDwCmIoU{TkHgRxiBbB|z@o{@h{G}V`n@aG`_@}Mxg@_MhUwDhj@yV~l@cHhIsaAru@bCfRoN|KsJ`CwB`E~Ffc@s@xL`Jxc@mMjYsWz^?vD,2,10.0,159.0,807.5,False,16.5,-2.3
71,2,Ochtendrit,82255.5,10620,12091,33.1,Ride,983880269,5643505C-5255-49BB-B957-6D310AF52FAD,1086308895.0,2017-05-13T07:18:22Z,2017-05-13T09:18:22Z,(GMT+01:00) Europe/Amsterdam,7200.0,"[53.20113, 6.536147]","[53.201155, 6.536319]",,,The Netherlands,53.20113,6.536147,10,10,0,5,0,False,False,False,False,everyone,False,b5474373,False,1086308895,7.745,15.0,,False,,,False,False,8,0,False,,4591892,1,a983880269,azucI{q{f@yWhUgIj@nEbwAu@fLcL`P@fh@sl@xc@qxBhFaEzCkFhT{b@tJj@kHyGs^iKeKsIuUmPiq@dr@qm@uJ{b@{SzMmDiQmGbCR}ToEgGr~@mzEiHiHaFbEg^yGgYyTsP`Rok@vKSub@zEeCX}eBlEeTx@qtArKo@tC}vA||@gXr`B{}@jFwTnRkZdz@k_@|Ye]fLyq@bNlElHnjAhk@ehAcB_\tL`DlEgM`[`dAhFtG~Od{@hIcc@jT}g@fz@iyGqA_x@fR_mBvUhIpH~TjF|DhqAyEWjhAtTrg@jI}KfRK~@{ZdEf@_@xWxEfECmFFrGNuCoEsANsZj]{YzCen@bbA~Nvm@v@xd@zh@jJfVpU~Zbn@bo@hPjx@sQ?m_@h^cQxCgE|JJvQwBbFyNnK{JyCgNrLgNtYu^rSeJh\ae@fPmYl\gqAhk@k`@|[lB`MhVv]nTzILbGgIpCrG[tJtMrNoPxG~_@rTtZ{DzVcMjNhHxmAfXrw@dLkBxOp_@aMtP_Jjg@zF`q@nKfj@jh@sJvFzNrN|cAk`A`c@yGkMcj@p[~Fbr@oF|WlEtO}`@c@qJjLuu@iFsH}zBeL`J_WzCiG_r@uXpFmO`_@aUrQ~E_AvC~d@o`@j_@aBsc@gDeB_OhL}Ot_@mw@zWwEoh@ej@vC,2,10.0,155.6,1652.0,False,16.9,-6.0
72,2,Middagrit,77525.5,8931,9286,10.9,Ride,980147824,E697CEE1-6808-4371-B4A6-8F2CA7A68C4F,1081845435.0,2017-05-10T15:47:15Z,2017-05-10T17:47:15Z,(GMT+01:00) Europe/Amsterdam,7200.0,"[53.212943, 6.578537]","[53.206573, 6.557755]",,,The Netherlands,53.212943,6.578537,23,8,0,11,0,False,False,False,False,everyone,False,b5474373,False,1081845435,8.68,12.1,,False,,,False,False,10,0,False,,4591892,1,a980147824,{cxcIyzcg@aI`DcYeqAMkTqkAkbGu`B~}@w~@`Z}CrvAmKvA{@rtAoErRUjfB_FdCW|c@uk@nKqq@uAun@uZuKkCwElFyE{K{x@sTwgAeCeQqmBsgC|b@p@njE|EblAiEpl@rKvu@hGrDuG`@gApTrBdRlC`EhBqH``@GlPvOlA|^pO~dA`OSdb@mRlGfM|ScPvN~aAb@h[q^|H_Xlu@yc@xj@cApLlE`^_MxShApRvJbAvFpVbNkHpWtJ?xc@bKtJ`Bzo@oPzcBsKhXzL~wArOpZ|CrYj^xJv@`LzU{F~ObU|Pia@nEvIn~@`NnD~Gje@sPxMtGbUyU|h@y@r[eTfBzBrJ}P{a@atGo@y{@bEmvCyGs^bOusB`UkLv_@o}@|DdEfA|Q|Olf@|NhQ`Hx_@}@|Gnf@kHrIzMjFb[lPnRzGtb@vHmJhZwJvG}LzL`LvSiQhNdA?mRjHFzCpHz]yPhSLNnZ|@qPzLoRjOmE|IyZzUyQ|GrAxAbYjx@dA~j@je@~ItUdVhM`CiZnRfD{@uoBoKie@cYfEkZefBqHs{AkE{@aM|JwPj`@cx@`X}Dih@y[vBkC{I{FaCcc@quB,2,10.0,170.6,1524.0,False,8.5,-6.0
73,2,Middagrit,54196.5,6996,11325,10.5,Ride,969538240,5D1F0384-8F83-4030-8EDD-4C099B678791,1070706364.0,2017-05-03T15:43:13Z,2017-05-03T17:43:13Z,(GMT+01:00) Europe/Amsterdam,7200.0,"[53.212966, 6.578684]","[53.240908, 6.650458]",,,The Netherlands,53.212966,6.578684,0,8,0,6,0,False,False,False,False,everyone,False,b5474373,False,1070706364,7.747,13.5,,False,,,False,False,0,0,False,,4591892,1,a969538240,_dxcIw{cg@sH~D}YwrA|ByGhZyI^aL}BmVmCsJhDwADcFrJiJzDu[bHiFjBkEkH{QGqEpByInLsQyg@iwBbA_DlLcIzRa[dI_GsFujAoO{FfJup@\_z@wQqnA}Hys@tSkg@vQ}AyTgmAi[axAwKiWyB_QaHqLeFedCp@cHxIoNt_@qqA}Yq\ya@{m@oPug@}NcXo[}hAsG}LiIyW{Fk[oAm_@wBcM`@eY}Vc}@w`@ekAmIUGmrA|CsViDvUAftAau@h@yMtMoO|Xwz@x_AsO~J{K^gG_F_h@C}QuPiLcEsd@o^ou@iF_CyMiJlCiOmDkBvH{ZoOiGeFgBwEkCBn@t]pJlIt@zm@kDzLqNuOcCd|@nBzPKrYtBdb@nP`wB`@~`@zDjM~J|yA`Ad_@zErZUtQjCpKA``@dExc@`A|[}Ije@LdJpClO`OG`IzHxH@zJva@dM~H`CvHpOyBdJfFzDbOxIxP`JvIpm@|eAnFzFrIhB~FfH|{D|sGzHdUfHhMx]lg@,2,10.0,142.5,997.1,False,5.0,-7.3
74,2,Middagrit,62587.9,8334,10228,14.1,Ride,963079162,1A903653-87F5-4D2B-ABAE-8ECA1A4BB037,1064042796.0,2017-04-29T13:16:02Z,2017-04-29T15:16:02Z,(GMT+01:00) Europe/Amsterdam,7200.0,"[53.229756, 6.557335]","[53.21881, 6.574917]",,,The Netherlands,53.229756,6.557335,29,6,0,1,0,False,False,False,False,everyone,False,b5474373,False,1064042796,7.51,14.4,,False,,,False,False,10,0,False,,4591892,1,a963079162,}l{cIiv_g@sDpPcMdG~E~d@i`Ahc@yXdZmUxa@gC[qRjk@mMbB_L{Jkw@hiAaQno@}ElCjHdYd@bg@kv@_X}XjEcOrTgm@RwErGi`@hHiIsCo@eGaJ`D}AiIgJjAl@`]uNbGwDrb@~I|c@c@fg@pD|}@hI`UyAt_@kAdPuVnf@{QfyBde@LfOhLy@|rB{G~RuA|o@}K~k@]paAgJnTcPzJ{D~`@XtX}MtGcAxJeRhXix@kAur@wOqFtHuBvYbAv^pGpFnChYkKvz@qB|}@rIzWyGh`AoJoAWdVbIjGj@kG~@tDy@aEQ~Lr~@hwAzn@tGve@{rAxPlKbMsKxQtWfJtA~n@s[`ExBdoAay@xf@jDbd@oXnd@zGNiqAyKm|Ad@yj@qFsl@pUagFnn@{vAmJ`P`C`HrXyGgBsUzl@yg@nNwEiRs_BoDkgA}H{o@_Bi_AtFsaAlZo}Cz|@a}EgGgLxBmEu@cKl}@mm@fRyU`AqL~CEhFyLg@_k@`Ec^iB`@eDsKwKkn@`EoSbN{J,2,10.0,136.9,1141.1,False,9.0,-6.1
75,2,Middagrit,37624.2,4894,4908,12.0,Ride,960132021,2F364966-8F6F-455A-9114-B54D8F56EB45,1061023745.0,2017-04-27T11:49:02Z,2017-04-27T13:49:02Z,(GMT+01:00) Europe/Amsterdam,7200.0,"[53.218943, 6.574736]","[53.218806, 6.574832]",,,The Netherlands,53.218943,6.574736,4,5,0,1,0,False,False,False,False,everyone,False,b5474373,False,1061023745,7.688,12.5,,False,,,False,False,3,0,False,,4591892,1,a960132021,}wxcIoccg@dAv@pE_H`JhS~BxL~NaFrMp_A{AbBJxPmYlMuKq@{ArSsA~Az@|Fe@dKpF`^fAj[c@hPoErYuDvxAaJzy@zBrD`Bvk@bKtv@g@~KdI|A|AdCfS|`BTxNxDjKb@jh@lCdDvJraAtL|v@zFfFjV|{AWtCnKzIbFDdBhw@c@_G_IVkpBr]XlLgFpAQfPuE|TTpLdGbO|@jHOnTaCrFuf@~VebAr`AWzDm]bEi\k_BgFkLUaMiHjAmFcHjBoVyIk^`FiDr@aEzN_A|@zC|G{E}CsRpCcC_CnAqCyHwATmPipAh@_DyEcbAoHml@_Bsw@ZuUrE}t@vWwsCvJaj@xAgBTyJf]aqBdIyXjDs\bGgMUoFfTaKjDoEti@_Us@mLlGmDs@qInBkAAaEfLgQ~LoXuKc|@aAgDmB~@cBsFeMeq@bDySfNoL,2,10.0,142.4,696.7,False,9.0,-3.1
76,2,Middagrit,41803.0,5528,5770,28.7,Ride,957782083,75FB30BA-4ACC-437E-A349-A5BFC2C07ED5,1058641673.0,2017-04-25T15:52:18Z,2017-04-25T17:52:18Z,(GMT+01:00) Europe/Amsterdam,7200.0,"[53.213393, 6.574555]","[53.218824, 6.574817]",,,The Netherlands,53.213393,6.574555,23,9,1,1,0,False,False,False,False,everyone,False,b5474373,False,1058641673,7.562,12.7,,False,,,False,False,20,0,False,,4591892,1,a957782083,ufxcI}acg@q@Pb@jApI`AI|QbLgDbQlqAvYz|AlJ`\lFrBvA|Hf]cBlEvh@zw@cXfQca@zK_JpEh@~Brw@~Drc@xZhfBl`@_EpJ{DhL~d@`WgQbIb_@jEpKdHfq@d_@dH|B`CnBpc@kAlFrBdIlKhuCw@rQhCjDdKhv@|Q`p@xObSPhJfg@bJgAre@oMd[qGtDhC~TsQpGd@hJ{QnNGjFeAkBiWrJed@bVa@fB_UhGmFhf@sE_@a@pDqT?aApE_InJoIwG]hEnBfNe@dGmKxYcE|TqdAFuGeYcB_a@cD{IyY{A{EqYs@oNiO}`@cWu_BmBcUqEaEkBkw@mKwfBgUi|A}E{n@yJqu@b@}o@}Ra@|DmDtGa@dBwq@`QseAmBoIdFsDdD_KjFs]u@yMlF_NtCsOpAiu@{Pw@sAcIgGuCqCyNgEoJ{XyzAcRsuAoL~Df@_QcGsCmBlAeFeLyCvEsCK,2,10.0,138.2,763.7,False,13.0,-4.1
77,2,Middagrit,48259.7,6470,6616,22.7,Ride,953173966,56E87DAC-20FF-4961-8728-BE70F3509B08,1053894162.0,2017-04-22T14:06:00Z,2017-04-22T16:06:00Z,(GMT+01:00) Europe/Amsterdam,7200.0,"[53.212323, 6.570782]","[53.212921, 6.573229]",,,The Netherlands,53.212323,6.570782,7,9,0,1,0,False,False,False,False,everyone,False,b5474373,False,1053894162,7.459,14.5,,False,,,False,False,0,0,False,,4591892,1,a953173966,_`xcIkjbg@bAbJxA|@iARx@P`AfOoA`BkFbm@aHfMaAtSqAzA~@jG[fKpHhm@WdZyEzYyDl|AoHxq@cKdj@DnKycB|DcCxB}C|PoBpCqa@lIwKzq@wTnaCkGbnA`Bnx@jH|l@vExbAc@vDvRjzAKhDmBpCgKhAiKdN|Kle@}AtWvEbH~Hw@JdLhF~L|Zp~Aj`@wBnJjc@`PxwApKh@dCrD`NgBvAdRfIvTAhTxFnVqFdc@o@tnAfi@qCxMsFziBuJ|LeMdd@aJ]qHj@~HjUeF|Kr@vBpCno@aOfDcF|IaC~GpBxMcDj@kByCkLyKg[mUquBqQom@kFeb@aDgKkCa\z@mEiIk[eBca@gEsJoXu@uGaj@aOc_@}Vm_Bw@mP{AgG{D_CsAar@aLulBqUk~AcE{l@cKys@b@wp@}RIxDuDxG}@bAun@|QihAkBoItDmBbE{KvFy^o@qOzDcH|DeRbBgW?o_@qPc@}A{H_Ea@_CoFgBqWeIsNuS_gAyRuxAqNhFmDcO,2,10.0,130.8,846.3,False,8.0,-4.2
78,2,Tess op de fiets. Wielerdokter.,81920.2,10920,11436,0.0,Ride,405617303,exercise-2015-10-3.gpx,454988077.0,2015-10-03T10:45:03Z,2015-10-03T12:45:03Z,(GMT+01:00) Europe/Amsterdam,7200.0,"[53.202335, 6.562883]","[53.202037, 6.563367]",Groningen,GR,The Netherlands,53.202335,6.562883,3,1,0,7,0,False,False,False,False,everyone,False,,False,454988077,7.502,13.0,,False,,,False,False,1,0,False,,4591892,1,a405617303,qavcI_y`g@tz@dBiCtV~CrA{_@_LiMfd@bLhk@cLxMlGbYmAvTbRvDgDxgA}Jzs@gIrSq_BpkAauBbDwL|Yg_@lHcIcg@cPkTyV{}@u`@h~@{UhIgIfsAmd@gP{L}VgAqf@eHgWpFsIiLiRaJcAoEmScDuf@~Ck_@eCc}@qOdCeTqHmb@tPmkAoEyYrNk@vSnJ`ZTlb@nF~]zE~@z@na@gDxVnBlMqa@dc@vCdh@oPpL}Bv^xIbb@a@fi@nD||@dIhXgCzj@cWlg@cRj|BeLpY~LvwAtNvWtDt[vP`Db@~U{Ljm@WvaAmIjRoPlKyD~a@VtWqMvG}AbKeQlWkx@aAes@oO{FtIm@lx@hGfF`DbYgMroAq@bk@hIzUeGxr@rCta@qCfEg@kEEtLh~@nwA~n@hGpf@urA|OhKjM{K`PtVdJfC~p@c\pEhBdYsoC|CeKbPoO{Nm_AaNmK{OuZo@mY|DiFlHkbAxIga@qA{]bGaA_CqIwAz@uCmYnCwNoF_NFeQyWwt@|P}`@fEzIx}@~MvDdHpe@qP~LnGpV_V`{@}J~WsXcXisDcJ{pBnDq`EsGu_@xMcvB~UgIv`@g~@nUv{@lPfUfFz\`F`It\cGlLwYhuBmDjyAudAvN{Z~Jet@jDmeAyPoB}AeIkG}C}b@qsBn\_KmCuUbBe@,2,,,,False,5.0,-3.5
79,2,"Heerlen - Luzern, dag 5",107546.0,18995,21709,988.2,Ride,345077764,exercise-2015-7-11.gpx,390851136.0,2015-07-11T07:45:32Z,2015-07-11T09:45:32Z,(GMT+01:00) Europe/Berlin,7200.0,"[47.558362, 7.643157]","[47.068027, 8.311725]",Grenzach-Wyhlen,Baden-Württemberg,Germany,47.558362,7.643157,0,2,0,1,0,False,False,False,False,everyone,False,,False,390851136,5.662,14.0,,False,,,False,False,0,0,False,,4591892,1,a345077764,wvgaHuxsm@pWwk@`L_`AyCkDvFsFqDnFxKu`AeEuqAbCqYrMiZdJehAqDmBe[wuBoXs]wBcZdQ{lBaEeq@tJqAdB_TrGsEqWyvB}HgPrLuXgIqp@`NaL{D_YzTfEb@qv@~MgtA_Xil@oDcfAfJge@sKaL{Gkw@yBo~@~Le`Cpn@egD`AitAfNqo@e@ag@bNy`Aq@c[bQ_dAt_@kpAiIcF{C_[rXaw@|x@a|@vYun@rPyFdHhItVsUvNYtIsg@vXei@yJu{AnAol@lPgi@nCwv@zXsm@hM}bA`a@k{AQmu@zb@obArHwx@~z@lOnUcp@`]{g@xc@lPtk@u@gCmDjCmGlVoK|CuzAh]aErj@hWlmAyGfTtOzMi^sJaLzA{]f{Bm{@lZ_Ab[xKtErMh@wIrpBhj@hGoKtOjFvd@yLpCqNdJaD|RbBvJaNjB{Tpd@`yAiJrv@tL}@nrBixBhu@}_@tqAwgApbF_c@|Zyf@hnBs_B`v@aa@no@ymAnRaHpJwe@~GaFzCK~Hnt@`XbFte@mCz}@ci@~qCgcC`iAmp@kOux@zBgQhYIpTkPr^uEb\|L`s@aGvv@wWn[p@hHvM|^hM~PyFrJjKboA|GpQgT^_NaE}@nKiE}GoT~DoV|LhBhe@ru@pcAox@DqLht@huAzVm[jOtCfFsQy`@_kA,2,,,,False,583.7,257.2
80,2,"Heerlen - Luzern, dag 4",214462.0,32732,35714,456.9,Ride,345077822,exercise-2015-7-10.gpx,390851129.0,2015-07-10T04:40:32Z,2015-07-10T06:40:32Z,(GMT+01:00) Europe/Paris,7200.0,"[48.951595, 8.175733]","[47.562238, 7.645655]",Lauterbourg,Alsace,France,48.951595,8.175733,3,4,0,1,0,False,False,False,False,everyone,False,,False,390851129,6.552,11.0,,False,,,False,False,3,0,False,,4591892,1,a345077822,mzwiHiy{p@d^`OUoiAnxApcA`z@~nAla@tWcF`t@xm@r{@bTjw@ti@_c@ny@jAhzArz@jTh}At_@rl@tVbfBh`BlyDp\~Cj}AttBpIsPlx@uCp|@khB~iB~WiFtbC`NxYpf@`_@z|A|Svi@~w@pEfnAs[p`Bx\bfAl_@na@`v@vU~`BwQzi@|N|h@lr@uBdbAhx@zfAwUl[pB~sAjmAmj@lq@|n@rJj`BqSlk@jBjYgNCdTnYlF|v@jaAloAfEdVsFpLbwAjcE|W`Hlf@uz@fu@xPf_Als@hhBgWfd@tYr_ArgD`g@dL`ElWnd@f[hg@nz@{X`pApHfdBjMz[~[mEnj@`ZtgD``@bfIn`@zeCfs@bEol@fu@j`@b_@aAl_BdeAroB~s@~gAa`@vo@afB|lDfDbz@s\tlA}dAjrCih@`|@xv@fkA`eGfbA|tAnmAfp@lyAsHz~FxeAnaA`t@sSdYkF_GsArf@|^qw@ty@j~@`lDroBpkAhxAzl@d{AxHnv@|lFzgBho@dBz|Ace@ng@dWb\~tAb{@zVtaCiYz_B|EbfCe}@vVsb@~Eqb@rgCshDrx@w_@vu@wChfBxm@ztB|tCz_Ab}@pnA`VllAbq@bp@yXboCflApfD}[p}@nJbkBpz@WvKnb@_DdoCdfB`W~n@~WjJbtDuZlZ_eAphA_j@zl@_Blr@dh@d|B~{Cp~@lPzb@gBh@sPd|B|Jz_Eg}C{FbCvgEyaEliB}uC{XiR`Ksa@c`@wPjzCw}BySy~AmMyR|AeTtPwQnYnKgA{^jh@aE,2,,,,False,328.2,107.0
81,2,"Heerlen - Luzern, dag 2",159681.0,26064,29337,1543.7,Ride,345077787,exercise-2015-7-8.gpx,390851124.0,2015-07-08T07:13:56Z,2015-07-08T09:13:56Z,(GMT+01:00) Europe/Berlin,7200.0,"[50.550407, 7.193617]","[50.032988, 8.186325]",Bad Neuenahr-Ahrweiler,Rheinland-Pfalz,Germany,50.550407,7.193617,1,2,0,1,0,False,False,False,False,everyone,False,,False,390851124,6.126,13.0,,False,,,False,False,0,0,False,,4591892,1,a345077787,_cpsHa_|j@gIei@vUyvEkVyyBxb@ka@iQql@`EmKeM_u@hqFigCrcBofBfk@k]hNsTk@qT~rAufBxdAcf@vz@wmA|[eaAhOasArMuWhM{mB~JmFrX}tAob@{KxEmc@cQmHtYsn@z{BocB~e@g|AnHu~AwB{t@uUelB{c@gbBhc@{tD~Pwq@|r@ueAnc@keArRsApI`M~{@gbBwCi]l_@iAbb@vVdZj`@fNni@z{AbRpK}w@|g@tx@|NuZvhBhk@fx@yGdjCs_BbaD_hGxv@aXl`@~V`Nlp@fAjz@uTrvDdF|{@bg@jhAze@jHj\mj@tQ}bC~`@wv@r~@sc@~t@ygBlu@ml@zk@wH|t@nSp\yZbo@{`CnC_sBxSemAliAaaAba@eyAno@|@nRs\fIin@|_@_O|p@t{@dVzm@tXbBdzAicCjqC_tDpnBTvs@qj@lrAwoDfeAkvAxqA_aE~s@_g@jgCu\zh@cb@xe@mrBWsjAdEE}@l^pg@aAxy@us@jo@dGR__@rVqUv@yLrRtGjhBw\VhRDoRdaAcBtvAkjAwLibFuXgpA_f@_o@y[xHe]uU{Ia_@kI|XeN]lCrNiZpUyw@ocCwa@_j@_Q}cAqR~z@Ru_@oYs`@oa@gLtBvNcZxJ{|AybF{x@miAqAem@ad@qf@{SafChDaz@eFmV|HkvBrPLvEsg@bHgeC_q@mTvEqcAoIyb@aLjGrBnn@u_@`Au[s_@eQ`VvSl_@iw@xJy{@aTaQbXkSavB,2,,,,False,276.7,54.5
82,2,"Heerlen - Luzern, dag 1",141452.0,26122,29102,1508.8,Ride,345077801,exercise-2015-7-7.gpx,390851119.0,2015-07-07T06:31:32Z,2015-07-07T08:31:32Z,(GMT+01:00) Europe/Amsterdam,7200.0,"[50.89115, 6.04139]","[50.569203, 7.076252]",Landgraaf,Limburg,Netherlands,50.89115,6.04139,2,2,0,1,0,False,False,False,False,everyone,False,,False,390851119,5.415,17.6,,False,,,False,False,0,0,False,,4591892,1,a345077801,utruHu}zc@lK_TiMmNoQorAlu@_sAd~@ygAhp@ye@|^~dAjGiJvhBft@tvBy_@hrAduBh~@aB|l@o`@j[{Clm@u~@zYsKeFqRz\auA`@gmAjnDsiKhs@aV`ZpHxH_^rXuS`@u_@wHcH`E{z@gUqgAhDgo@eg@{eCqr@ecAsSyj@bZob@sn@}wAln@xxAbl@m]xa@xAb[dUf^zx@dPtD~GyTpTp_@n_@~NrcB|iF`~@hFlsAlkAza@qTxTi^be@iI{Esj@lGeYp{@sf@cSwEoFyZ|s@mwAqKqxBvkAg}@_E{h@zYgt@hOUjRaVzRib@~A{[ffAbWdJyWmQgqBzJotAro@av@r}@uaDeA}O~WhIga@qf@vc@jVto@oz@tGcrDjMnHjKe\~MM|C}OW_SwNcY|Beq@dVgk@nq@ae@`Lup@iGi`@qe@ibAgXctAsUgMyUih@xSiaApMunChx@sgAdb@sS~Zks@rm@kn@f@{Sah@coBcN`VdC~Dk[x\mRU_tCgtEagAe_Dm{@}TykAgfAeY}~@kUbBbUgB}Ecn@kc@yi@i`B_pDcNqiA{n@}kCyd@aaG{Oky@uNfAaWdc@kLq`@dTu{AjLa[~LeEf@cYz`AsxBpEko@up@gbHpGg~@dq@}`Bhw@koCpnAkqB`EoaAbeBa`DnXyw@n~@oiA?aWn~@quBrLqnApm@m~ApKghArTms@,2,,,,False,555.2,96.0
83,2,Assen,58289.1,21666,22028,10.2,Rowing,296402371,exercise-2015-4-30.gpx,335314570.0,2015-04-30T07:33:51Z,2015-04-30T09:33:51Z,(GMT+01:00) Europe/Amsterdam,7200.0,"[53.20098, 6.563692]","[53.201765, 6.56353]",Groningen,GR,The Netherlands,53.20098,6.563692,0,0,0,1,0,False,False,False,False,everyone,False,,False,335314570,2.69,9.2,,False,,,False,False,0,0,False,,4591892,1,a296402371,cyucIa~`g@lc@`Ivc@sRfSkRzY_q@r}@khA|dAi_@lbAg{@pIyAr]|Bty@e^nsAxPb`B?f{@bi@vg@jUvWrH|YhB`c@aCrXcHrYiSte@ob@j{@c[bRmA~y@pIpm@|]pLxR|b@fwBz@jg@EaWaByRs\meBoIiWGyDl}ABrMfFfMpP`v@x`CpApLk@rGt@nAp@aBoCyVmp@mpBqK_WaQ}LgfBgCon@}]{cAyJ{g@hL_W~LgeAdz@af@rJuf@BcSsCmv@a\cy@eh@yiAm@feABbj@tZuh@wZe_B^epAoQyLxAko@d[{]mBgJ|A{|@jw@{iApb@o|@ldAyWxp@kJbLwZfSmW`Ig]iIqGf@,2,,,,,13.9,-2.2
84,2,C2x,44971.3,14979,15532,0.0,Rowing,282037717,exercise-2015-4-9.gpx,318686199.0,2015-04-09T06:31:21Z,2015-04-09T08:31:21Z,(GMT+01:00) Europe/Amsterdam,7200.0,"[53.201745, 6.563505]","[53.20179, 6.563493]",Groningen,GR,The Netherlands,53.201745,6.563505,0,0,0,1,0,False,False,False,False,everyone,False,,False,318686199,3.002,4.5,,False,,,False,False,0,0,False,,4591892,1,a282037717,{}ucI{|`g@wPbBsUzJ{LdJsOdB~E}h@wB_[wF}VcNeVeByGqTugAsEc`@~AaDzlA__@nTeV~fAcjC|w@ovChVmyBhg@u}DWe_Anb@{bElAu\EcuFpEyoBX}s@iGrfE`@|lEs@b]}a@`~DqBh]xAn]c@zPqUxoBmU~`BqQtaBgw@jsCkgAlnCkQfQ_iAf`@eFpCgA|CdFx^zUxkAvOjZ`FpSnCz_@eFng@zOsBvQwLtXmJvMcA|^pI~OsCdOmImRzJcJtA_^}H{Gb@,2,,,,,6.0,-3.0
85,2,C2x,20848.5,6945,6968,0.0,Rowing,281684642,exercise-2015-4-8.gpx,318283112.0,2015-04-08T06:24:27Z,2015-04-08T08:24:27Z,(GMT+01:00) Europe/Amsterdam,7200.0,"[53.20177, 6.563502]","[53.203862, 6.563222]",Groningen,GR,The Netherlands,53.20177,6.563502,0,0,0,1,0,False,False,False,False,everyone,False,,False,318283112,3.002,5.8,,False,,,False,False,0,0,False,,4591892,1,a281684642,a~ucI{|`g@pj@bHtLkDf]aUvMuQnU_i@b}@shA`aAk[`hAa`AhLkAxUrDtr@u\hMyBleAdOx[n@mSMqnAgP{PzDmi@jY}c@_D}N`Jix@rs@ygA`b@oz@fdAmV|l@sPpRof@vVmLMcWeIoRdC,2,,,,,6.0,-2.2
86,2,C2-,20046.8,6625,6644,0.0,Rowing,280746981,exercise-2015-4-4.gpx,317227782.0,2015-04-04T06:42:24Z,2015-04-04T08:42:24Z,(GMT+01:00) Europe/Amsterdam,7200.0,"[53.197157, 6.562305]","[53.201678, 6.563343]",Groningen,GR,The Netherlands,53.197157,6.562305,0,0,0,1,0,False,False,False,False,everyone,False,,False,317227782,3.026,4.7,,False,,,False,False,0,0,False,,4591892,1,a280746981,eaucIku`g@~TUbe@_XtMwQjTok@x|@wfAxcAw\`dAi~@dMaB|PlEjIm@zm@u[dMkB~kA`QbQSuNNynAmR{OlDok@xZw\yDmHfAaHlD}{@px@mVlLul@tOg|@nfA}Vjm@wPtSwf@rWyMEmUwHuFxA,2,,,,,6.3,-2.1
87,2,1X,17442.4,5539,5681,0.0,Rowing,278480111,Running-2015-4-3.gpx,314632831.0,2015-04-03T10:57:50Z,2015-04-03T12:57:50Z,(GMT+01:00) Europe/Amsterdam,7200.0,"[53.20174, 6.563345]","[53.201732, 6.56342]",Groningen,GR,The Netherlands,53.20174,6.563345,0,0,0,1,0,False,False,False,False,everyone,False,,False,314632831,3.149,4.4,,False,,,False,False,0,0,False,,4591892,1,a278480111,{}ucI{{`g@lFwAh\bKfWiH`a@iXvHiMbOgc@~bAgnAxbA{[lcAc~@tLsAlYtDdq@k]dP_ByJNkv@n^e\}DcL`CcaAf|@yeAp^_}@ngAqTzj@yRnUwf@jVyK[wViIgGtAv@D,2,,,,,6.6,-2.2
88,2,Stukje C2x+,12132.3,5259,5574,0.0,Rowing,277377295,Other_sport_1-2015-4-1.gpx,313391970.0,2015-04-01T08:21:20Z,2015-04-01T10:21:20Z,(GMT+01:00) Europe/Amsterdam,7200.0,"[53.2018, 6.563493]","[53.201875, 6.563358]",Groningen,GR,The Netherlands,53.2018,6.563493,0,0,0,1,0,False,False,False,False,everyone,False,,False,313391970,2.307,4.8,,False,,,False,False,0,0,False,,4591892,1,a277377295,g~ucIy|`g@iFzBpI{Dz[vIzKD|i@yXrLwOfQoe@xGsKxw@iaAnLiH`TkDn_@oNn\mX_\dWscA|^g{@zeAw[nt@aVfRmSdLmJ~Aq^oIiHbA,2,,,,,6.2,-2.2
89,2,C dubbeltwee met de pee en 70 kilo,20622.1,7159,7243,0.0,Rowing,275782968,Running-2015-3-29.gpx,311593185.0,2015-03-29T06:26:33Z,2015-03-29T08:26:33Z,(GMT+01:00) Europe/Amsterdam,7200.0,"[53.201777, 6.563467]","[53.201877, 6.563507]",Groningen,GR,The Netherlands,53.201777,6.563467,0,0,0,1,0,False,False,False,False,everyone,False,,False,311593185,2.881,3.6,,False,,,False,False,0,0,False,,4591892,1,a275782968,a~ucIs|`g@vCyAx[nKxLm@vh@{YhMsQzM_`@|G}Kt{@meArcAg\pbAs}@`JkBb^|C|m@q[xMoCdlAzRdQw@_PRamA_RoPnCil@p[{d@aCafAp~@m_Ah[oIvFuy@zdAcTji@iPdSwg@lWwIB{VgIyHr@,2,,,,,6.2,-2.2
90,2,Met 90kilo en de P,20696.6,7178,7201,0.0,Rowing,275194065,exercise-2015-3-28.gpx,310922678.0,2015-03-28T07:09:54Z,2015-03-28T08:09:54Z,(GMT+01:00) Europe/Amsterdam,3600.0,"[53.201782, 6.563525]","[53.20215, 6.563575]",Groningen,GR,The Netherlands,53.201782,6.563525,0,0,0,1,0,False,False,False,False,everyone,False,,False,310922678,2.883,3.9,,False,,,False,False,0,0,False,,4591892,1,a275194065,c~ucI_}`g@dIQjUpItL]lc@kUbQ{QzSoj@f`A}kAheAc^zbAo}@pMiA~YhC|n@y[jMqBvjAdQnTK{STmlAsRqP`Eej@tYke@cBuKdGmw@jt@yjAjc@e{@neAcTjj@sRtT_d@zU_M@uWqIqH|@,2,,,,,6.3,-2.2
91,2,Afslag Zoutkamp gemist,60416.1,21106,21252,10.0,Rowing,272474077,exercise-2015-3-21.gpx,307872573.0,2015-03-21T08:47:13Z,2015-03-21T09:47:13Z,(GMT+01:00) Europe/Amsterdam,3600.0,"[53.203543, 6.563223]","[53.201768, 6.56355]",Groningen,GR,The Netherlands,53.203543,6.563223,0,1,0,2,0,False,False,False,False,everyone,False,,False,307872573,2.863,4.0,,False,,,False,False,0,0,False,,4591892,1,a272474077,civcIc{`g@ku@`[iO{B}Qn@iGdMPzKuAzPdB~WWjMcSpa@}YpYi`@~SsOhOglA|s@wVbV}Wzk@mK|I{dAbLcOSm~@~\eOe@gN}LgXlEgb@yCsXvT_pAtrAi[x_@cOoHmHxBcHlJ_FbR_A`Pp@vD~JbGxCrHr@pNcCl^eFfQyPoG}HpD}HlS}AdUdBpUdExQxKbFbO{PnDk@vG~PpO`VlFpQYfIsFnEwQ|Bg^zSiIxLoBnI`Ffb@OhQsDdYv@rLbg@|d@zE~MnEh^LhUaEh{@AlaAkH~w@`ChNdd@jf@fRlc@zJjObHpW`MrC`CbKt@~S~ObhAcUqgBsBgCqJ}AoGmV{JsOePw_@cSsXeR{Pp@uh@xDiy@vCm|AOoYmEm]eF_Oac@m_@wCaH~Cys@_E{a@NyGvFcJpYyVr_@oJxBsFYsHqDkLkOyTqHsRmC_@oLdOeGxAsJqLsD_V`@g_@`I_UtHyDpKzHpD_@pCoFbCcOdBaXo@_PiBkFoKsI}@uDd@wO|E{QdGiJrGkChDd@bH`H~Co@fSiXnvAqzA~OoOvGsCfb@jDhTuFfE|@lLvLpMh@|IsAvt@_[ptA}IxPaTrRec@jVkVptAwy@vGsJ|IwAd]gUfTmV`Qe`@`@eIeB{[t@a^jHkLnPw@|N`CzJmBtc@oUvPcC,2,,,,,5.6,-4.8
92,2,Avondloop,8039.3,2586,2853,0.0,Run,259332725,90EE12D1-6C84-4621-9F72-E15F144308B8,293228788.0,2015-02-24T17:10:58Z,2015-02-24T18:10:58Z,(GMT+01:00) Europe/Amsterdam,3600.0,"[53.202201, 6.562277]","[53.197923, 6.539111]",Groningen,GR,The Netherlands,53.202201,6.562277,1,0,0,1,0,False,False,False,False,everyone,False,,False,293228788,3.109,7.5,,False,,,False,False,0,0,False,,4591892,1,a259332725,w`vcIeu`g@pA~MiMlGgJ`@cC~ChUnlAvGvIp@fPnCpLtDn@pCsCeAoTkCgH}GjFXrMzBlIhGv@xAeNgEkRaHrEFvL|ApKpGdA`CmHw@}JmDuLsG~Ev@~RhE|GxC_A`AkCCoLqEcOmG|ETzNlBfIvBrA|Cm@lA{De@mNcCyIwAi@aFjEfB~WrEnBtDgF`Dq@\pB,2,0.0,,,,5.0,-1.7
93,2,Avondloop,12529.6,4104,4435,0.0,Run,256265734,23716EA2-0628-47C6-B8E4-F42F18755FEE,289817581.0,2015-02-17T17:10:38Z,2015-02-17T18:10:38Z,(GMT+01:00) Europe/Amsterdam,3600.0,"[53.202259, 6.561846]","[53.202331, 6.562387]",Groningen,GR,The Netherlands,53.202259,6.561846,9,0,0,1,0,False,False,False,False,everyone,False,,False,289817581,3.053,6.1,,False,,,False,False,1,0,False,,4591892,1,a256265734,aavcIor`g@tAnKuMbGmM\K`CpUdoAxG`I|BtY~A`CzDJxBgG_AsNiDmJqGxFnBlWjHhAvAwHiCcR_BeD_GxEMfD`CzRzFrAzAcCd@cH{CqPgB{ByF`GfBzU|EfClCuBd@aFuBsQyByDeGhFEdEnCnRxCtA|CkCn@gHmCoPcBuCyFjEHtLrD~MbGiBl@kHwBgOsB}DaGfERtO|BpI~BdAhDsBr@yFuBcQsBuEsGbGjA|RhAhE`G@zAsFUqIsEeOeGbFfAxR}@wFYwMxDwTkG}ZHmIoF{IqDcT|K}G}AkQ,2,0.0,,,,5.0,-1.7
94,2,Avondloop,7286.2,2279,2285,0.0,Run,254811541,F0A8AD20-4916-49B3-8C1E-5D483F9FAE11,288192217.0,2015-02-14T17:03:57Z,2015-02-14T18:03:57Z,(GMT+01:00) Europe/Amsterdam,3600.0,"[52.344988, 5.486834]","[52.345742, 5.487061]",Zeewolde,Flevoland,Netherlands,52.344988,5.486834,0,0,0,1,0,False,False,False,False,everyone,False,,False,288192217,3.197,5.3,,False,,,False,False,0,0,False,,4591892,1,a254811541,csn~Husn`@_CsA_AlBdAlDaA~PaF|JdHbOyCtEWbNbSnMv\hcAjBvWiE|`@HzHrKxc@}IwZq@cJFuJvDm\oAgUw^ahAuQoKJkMpCuGkHmMpFaJbAcRqAgDl@_B,2,0.0,,,,0.9,-5.3
95,2,Avondloop,11223.6,3769,4087,0.0,Run,253090024,B0932229-D120-43F9-A9DB-3D9205745975,286299591.0,2015-02-10T17:10:00Z,2015-02-10T18:10:00Z,(GMT+01:00) Europe/Amsterdam,3600.0,"[53.201918, 6.560684]","[53.19927, 6.542574]",Groningen,GR,The Netherlands,53.201918,6.560684,2,0,0,1,0,False,False,False,False,everyone,False,,False,286299591,2.978,6.2,,False,,,False,False,0,0,False,,4591892,1,a253090024,}~ucIgk`g@R`DsMhGyMb@ErCxMpr@c@tAx@LjFvWnGvIn@nOrCdLlGc@h@{MoEaQsG~FzC~W`G`@hAcCHmG}EqTsGvFVvKtCxKxFLbAeN}EkQkGtFXbL~C~K`GY~@uF]gHeEkOwGfGZ`KpClLlGa@dAaH_@uFkE{NaHvEnBnV~DxDbC}@jAaF_BuR_CmFyGfGtBdV`FjCbD_IoAaOiCsH}GxF~AhTlEzEzBkAnAqFoAoOwCsHkGtEV|MtBdKrFb@|AuCy@{T,2,0.0,,,,5.0,-1.6
96,2,Namiddagloop,12614.1,3954,3954,0.0,Run,251162067,B9A9BACD-C0CB-45B9-A2CA-DC1F6EDFE66B,284156810.0,2015-02-06T16:29:02Z,2015-02-06T17:29:02Z,(GMT+01:00) Europe/Amsterdam,3600.0,"[53.213871, 6.555456]","[53.211386, 6.556294]",Groningen,GR,The Netherlands,53.213871,6.555456,2,0,0,1,0,False,False,False,False,everyone,False,,False,284156810,3.19,5.0,,False,,,False,False,1,0,False,,4591892,1,a251162067,uixcIqj_g@pIb@jIoH|OyFC{PzVwJrIF`FuCl^vJxSkDh@wCb[cRnJaKpXuq@z|@_hAjFuD~SyCi@`C{T~EaDzH?vIsCpJQdIwLhA?zM}G_@qBxJmFZuBvEeMkDsBjB_DjGpAlHQ~IaIhVoE~GoHPwFjGsIWuRlMcJnBkQKsSgIma@dHgI~Fj@~HeAlATbDaUhI,2,0.0,,,,5.4,-2.6
97,2,Avondloop,12029.9,3844,4199,0.0,Run,249938189,14368593-F2D7-4FFC-A1DD-62C56FC20555,282838415.0,2015-02-03T17:09:04Z,2015-02-03T18:09:04Z,(GMT+01:00) Europe/Amsterdam,3600.0,"[53.202605, 6.563722]","[53.20234, 6.562382]",Groningen,GR,The Netherlands,53.202605,6.563722,14,0,0,1,0,False,False,False,False,everyone,False,,False,282838415,3.13,11.0,,False,,,False,False,3,0,False,,4591892,1,a249938189,gcvcIg~`g@nDrV{LhGmOh@?~BdVlnAxG`IT~NfBzJ|D`C~C_Bj@{GaA{JeDcKeG~ENdOrC|IfGWl@aMmEyQmGnE?pLzC|LzEVtAqB\eJaByKiCoFmGhGvAjT|DlErDmAr@yEsBwRyBwEyGlF|AzShC~EbCBpBoBj@aHkC{PmBuCmGjH`CvTtGjBrAuB\qGkC_QqBgCaGrGrBjUzEhC`CaCd@cGcC_RaC_CwFdHhB~S~GtCjBcEUiLwGuWYoHiGwZC{FkCqEuFmZzJcGqA}Q,2,0.0,,,,5.0,-1.7
98,2,Middag loop,9210.3,2881,2890,36.4,Run,248953601,A9584816-864B-4B2A-8F0D-7EA8694983BE,281771278.0,2015-02-01T11:17:21Z,2015-02-01T12:17:21Z,(GMT+01:00) Europe/Amsterdam,3600.0,"[52.852734, 5.534367]","[52.854326, 5.531107]",Oudemirdum,Friesland,Netherlands,52.852734,5.534367,2,0,0,1,0,False,False,False,False,everyone,False,,False,281771278,3.197,4.5,,False,,,False,False,0,0,False,,4591892,1,a248953601,qxqaIw|w`@j@rJdKi@tAxNxBbEu@jExOjb@f@~PvCrKjAvQdGlOPb^s]peBcJvk@oIrJaDlRk~@esB`i@o~AhRmb@{Sci@|Puf@,2,0.0,,,,18.2,-2.0
99,2,Namiddagloop,10077.0,3119,3146,11.0,Run,248172665,E31DAD7A-47CA-4153-9071-9CEEF1911CE9,280914628.0,2015-01-30T16:30:22Z,2015-01-30T17:30:22Z,(GMT+01:00) Europe/Amsterdam,3600.0,"[53.213996, 6.555202]","[53.210879, 6.556605]",Groningen,GR,The Netherlands,53.213996,6.555202,2,0,0,1,0,False,False,False,False,everyone,False,,False,280914628,3.231,8.9,,False,,,False,False,2,0,False,,4591892,1,a248172665,mjxcI_i_g@|@qCxG`AlFaEO}L|As@[yViAoBSsJbAcGLu_@dG_YpWit@[aEfBeHsEmL`GwJIyHeAeBbAZpA{DjDBtAqExCePUuMh@cCzCx@lSnNlCjQfC^x@xHfMyEhCjStHkA@`KkMbb@}@lLpGjf@hCzoAmTvCk_@iJcEpDhBdP{K~FaQl@gXbJ,2,0.0,,,,10.7,-1.1
100,2,Afternoon Run,10000.0,3300,3300,0.0,Run,246436100,,,2015-01-26T14:00:00Z,2015-01-26T15:00:00Z,(GMT+01:00) Europe/Amsterdam,3600.0,,,,,The Netherlands,,,0,0,0,1,0,False,False,True,False,everyone,False,,,,3.03,0.0,,False,,,False,False,0,0,False,,4591892,1,a246436100,,2,0.0,,,,,
101,2,Avondloop,9265.4,2916,3231,0.0,Run,243750351,6A4E3DC5-A550-4165-B6EF-05B7C9968AF3,276001926.0,2015-01-20T17:07:53Z,2015-01-20T18:07:53Z,(GMT+01:00) Europe/Amsterdam,3600.0,"[53.202108, 6.561407]","[53.200257, 6.543859]",Groningen,GR,The Netherlands,53.202108,6.561407,5,1,0,1,0,False,False,False,False,everyone,False,,False,276001926,3.177,7.1,,False,,,False,False,0,0,False,,4591892,1,a243750351,c`vcIwo`g@n@lHkMdGyMp@GzCdV|nAdG~GtBvY`BlChDP~BuEs@{PwCyIqGfGlAtSlCjElD_@zAuD{@_PiD{JmGnFhCbXrG~@dBuG{AkOyCqHaGbFElC`DfUvFN|AyI{AgMsC}G}FxEKbDdDlTtFD|AyIsBwNuBmFqFnDKzLvDdNnE?jAaEHeHwCsNqAiB_GrEXhNfDlKbEJ~AcEF{FsDaRy@gAsCxBvB}A,2,0.0,,,,5.0,-1.6
102,2,Middag loop,5843.7,1948,1954,0.0,Run,241697976,DA78FEB1-C70B-466A-B56F-8C58BDE214AC,273716555.0,2015-01-16T10:10:18Z,2015-01-16T11:10:18Z,(GMT+01:00) Europe/Amsterdam,3600.0,"[53.213863, 6.555256]","[53.212127, 6.555266]",Groningen,GR,The Netherlands,53.213863,6.555256,1,0,0,1,0,False,False,False,False,everyone,False,,False,273716555,3.0,5.3,,False,,,False,False,1,0,False,,4591892,1,a241697976,sixcIii_g@u@lQjChGdGwCj@`D|Bg@vA~JrDj@|BzElRoEzCtApCjJtEqBjCpLfGfI`AzQtBdJ`EjAlCsCPeKuEwQcIjHsBcAwBiHuJjJmH}EqH{\vGiDhFj@nC_DcAiHoc@fIuHib@,2,0.0,,,,5.0,-1.7
103,2,Avondloop,11056.5,3465,3719,0.0,Run,237580595,2D0795FA-D761-4A9C-85A2-7200590C2BEF,269111372.0,2015-01-06T17:08:24Z,2015-01-06T18:08:24Z,(GMT+01:00) Europe/Amsterdam,3600.0,"[53.202587, 6.562869]","[53.202355, 6.562411]",Groningen,GR,The Netherlands,53.202587,6.562869,12,0,0,1,0,False,False,False,False,everyone,False,,False,269111372,3.191,8.7,,False,,,False,False,1,0,False,,4591892,1,a237580595,ccvcI{x`g@tCnQwL`GmNl@GhCzUxnAhG~Gl@tNrD`NrDr@`BqCu@gUcDcGyFvF~@`Q~BdGnCx@bDgIcBuPcCsF_G~FI|FjBnL~DnDvBu@hAoFeB{QeCmFiGvFn@lOpBjHdHWT}NoEuOeG`FIrHjBbMfFjCdDmFoAwQ}B{FmHxD\rLdCpLhFPhB{Ey@{MmDuKaGfFtA`T`AhDzDn@~CqIuEmW}G|DvFgEFwBoHya@cA{NcKia@~KgHoBuP,2,0.0,,,,5.0,-1.7
104,2,Middag loop,7425.1,2231,2250,0.0,Run,235594595,7844B7B5-76A0-4DC2-93A8-867FD563FC05,266395207.0,2015-01-02T11:04:04Z,2015-01-02T12:04:04Z,(GMT+01:00) Europe/Amsterdam,3600.0,"[53.213982, 6.555268]","[53.215992, 6.555789]",Groningen,GR,The Netherlands,53.213982,6.555268,4,0,0,1,0,False,False,False,False,everyone,False,,False,266395207,3.328,6.5,,False,,,False,False,1,0,False,,4591892,1,a235594595,kjxcIki_g@n@Hy@zPeCbE{Du@cUxRqTfCmLwFe]up@wFqF_WyN}@fDyFiCiDtDyE\vFkb@dEx@nKio@jEiIti@bxAvDfVjGpFdF\`YkFrDjHjBuDzEu@,2,0.0,,,,8.0,-0.5
105,2,Namiddagloop,7419.3,2415,2415,0.0,Run,232160539,F1502A18-890B-4AF3-9942-3D3D086C3B80,262455027.0,2014-12-23T15:54:33Z,2014-12-23T16:54:33Z,(GMT+01:00) Europe/Amsterdam,3600.0,"[53.213714, 6.554834]","[53.215139, 6.551633]",Groningen,GR,The Netherlands,53.213714,6.554834,1,0,0,1,0,False,False,False,False,everyone,False,,False,262455027,3.072,12.9,,False,,,False,False,0,0,False,,4591892,1,a232160539,uhxcIuf_g@SmEvIpBbDtWiVyAgStMaErEmAjR_FnJeCh@CpFcBbD_SzVaJbGiBm@m@|C}MfKqKdBoG`KaHlDcAcD{Dj@kJkd@vz@ae@lVeTxCiGjUIf_@sW,2,0.0,,,,5.5,-1.9
106,2,Avondloop,8833.5,2768,3129,0.0,Run,230015171,137C9947-664A-4C2B-AB70-6F32CA60D11C,260047278.0,2014-12-16T17:08:40Z,2014-12-16T18:08:40Z,(GMT+01:00) Europe/Amsterdam,3600.0,"[53.202577, 6.563604]","[53.201796, 6.550868]",Groningen,GR,The Netherlands,53.202577,6.563604,17,0,0,1,0,False,False,False,False,everyone,False,,False,260047278,3.191,7.1,,False,,,False,False,3,0,False,,4591892,1,a230015171,acvcIo}`g@|CpVgNjGkM\WdClV`oAjG|Gj@xOxC`MfEp@vBuDRgH}BaNoBkDeGvESxClCnSdHf@lAuHoCeR{AuCuAh@sD~CI|DrChSbHt@tAiKaE{RiAw@eGzEv@jPpAvFzCrBhDaB`AsGkDkTmBeA_FdEtAjTlAlDtC`AlB}@x@sEUwHcEiPuGzE`AjQhEfJrDaBfAiFqQodA,2,0.0,,,,5.0,-1.7
107,2,Avond activiteit,13000.0,4500,4500,0.0,Rowing,228435139,,,2014-12-11T17:41:48Z,2014-12-11T18:41:48Z,(GMT+01:00) Europe/Amsterdam,3600.0,,,,,The Netherlands,,,0,0,0,1,0,False,False,True,False,everyone,False,,,,2.889,0.0,,False,,,False,False,0,0,False,,4591892,1,a228435139,,2,,,,,,
108,2,Namiddagloop,9018.7,2916,2926,0.0,Run,228093437,B66EA5F1-633B-4F27-9BC6-99973BE902D4,257873917.0,2014-12-10T13:56:35Z,2014-12-10T14:56:35Z,(GMT+01:00) Europe/Amsterdam,3600.0,"[53.21372, 6.55525]","[53.210786, 6.556439]",Groningen,GR,The Netherlands,53.21372,6.55525,9,0,0,1,0,False,False,False,False,everyone,False,,False,257873917,3.093,11.6,,False,,,False,False,2,0,False,,4591892,1,a228093437,whxcIii_g@_A]e@lSdCvEfCdSrMkGfFhFbIaA~I~]~FlDfJ_JjHlRzB`N|E~AvBeDXgGsE_U}G|EhBtTpEfE~BwAt@uEs@qKaDyKsGnEP|K~DnMvCPfBeC^qIaEgQiAo@gF|El@~NxAfG|BhBnCe@jAkEq@sMgDuKoGbFfCdW~CpB~CyAh@{HaAyIuDuKqKMgCkCqVapAuXhH,2,0.0,,,,5.0,-1.6
109,2,Ochtendloop,6550.3,2040,2047,11.7,Run,225755279,A9948F5F-3C28-499F-9FD8-AF341D67CE64,255163907.0,2014-12-03T08:40:42Z,2014-12-03T09:40:42Z,(GMT+01:00) Europe/Amsterdam,3600.0,"[53.214034, 6.554942]","[53.210762, 6.556391]",Groningen,GR,The Netherlands,53.214034,6.554942,2,0,0,1,0,False,False,False,False,everyone,False,,False,255163907,3.211,10.8,,False,,,False,False,0,0,False,,4591892,1,a225755279,ujxcIkg_g@pA_@_@uBvI\nDeESuK`BcAyBig@lAsE[kWvBqRzMac@xBd@rDcI`FRbHjXpCdCjYoUfHne@fAlt@m@tOiW_HuElCjChPg@zCeLfFaQVuVrH,2,0.0,,,,13.8,-1.1
110,2,Namiddagloop,4383.3,1123,1123,0.0,Run,164901212,0A3F3D0A-1EBF-4A93-B207-3DDEB9804DD1,180251772.0,2014-07-12T14:33:26Z,2014-07-12T16:33:26Z,(GMT+01:00) Europe/Amsterdam,7200.0,"[53.213973, 6.554162]","[53.216658, 6.557302]",Groningen,GR,The Netherlands,53.213973,6.554162,6,0,0,1,0,False,False,False,False,everyone,False,,False,180251772,3.903,9.6,,False,,,False,False,0,0,False,,4591892,1,a164901212,ijxcIob_g@{AhO_P|DyKbL}AuQn@eZsYpDoKwHkCkYgEp@kAfEpAzHnFfE~AvNlKeFtBhJkAhBxC|BvMuBlBaBnEsMk@o@pMwE,2,0.0,,,,8.9,0.6
111,2,Namiddagloop,6788.9,1948,1948,0.0,Run,136875839,04F932E9-37C1-411D-BB55-0647859CF065,149783279.0,2014-05-03T13:46:26Z,2014-05-03T15:46:26Z,(GMT+01:00) Europe/Amsterdam,7200.0,"[53.206504, 6.557845]","[53.206567, 6.557731]",Groningen,GR,The Netherlands,53.206504,6.557845,9,0,0,1,0,False,False,False,False,everyone,False,,False,149783279,3.485,5.4,,False,,,False,False,2,0,False,,4591892,1,a136875839,s{vcIoy_g@rUznA`DnDfK?vD`KhAxMwCdUiYjJoElENeJgB{Eg@_LsLqm@i@yFv@wCx@{DrH^zGwC~Sx|@fBhF|EJ|A_FBkHwFqSgJ`@_DoDeW{nA,2,0.0,,,,5.0,-1.7
112,2,Ochtendloop,7456.5,2214,2214,0.0,Run,136060541,CFC29EC7-D170-4A5D-86A9-1055D2C0F961,148897675.0,2014-05-01T07:28:15Z,2014-05-01T09:28:15Z,(GMT+01:00) Europe/Amsterdam,7200.0,"[53.213615, 6.55516]","[53.20648, 6.557488]",Groningen,GR,The Netherlands,53.213615,6.55516,6,0,0,1,0,False,False,False,False,everyone,False,,False,148897675,3.368,5.9,,False,,,False,False,0,0,False,,4591892,1,a136060541,ahxcIwh_g@wAjRnF|XfPqEdAjWjQxlA~FO|CbDhT~vAdHlVjQudAtBy]d@se@_DqBmL`AeAaHlBwCYgQ}EwNgKMiDsCeU_mA,2,0.0,,,,3.8,-3.4
113,2,Namiddagloop,7759.8,2041,2064,10.4,Run,134776739,BB0F9E21-11C9-4B48-A11E-9A782611D0F0,147479544.0,2014-04-27T15:02:59Z,2014-04-27T17:02:59Z,(GMT+01:00) Europe/Amsterdam,7200.0,"[53.213957, 6.555136]","[53.212232, 6.561903]",Groningen,GR,The Netherlands,53.213957,6.555136,4,0,0,1,0,False,False,False,False,everyone,False,,False,147479544,3.802,19.1,,False,,,False,False,4,0,False,,4591892,1,a134776739,ejxcIqh_g@JoBsLyF{B}LiAu@_CZ_E`IiG}CkFyPIkEkAlCR_NoDiMj@}GfFsOvNqJfBoDtFoAhD}IzAHpFdNKrEbDvQ|EjNsCpTgEnM}HzAM`BoLRgA~EyCrCiCmBeNsv@|E{SnYeTtDyHnFoCnKdRbGr\c@|ScC|Q,2,0.0,,,,9.4,-6.0
114,2,Namiddagloop,4741.4,1292,1353,0.0,Run,133999984,78C593EC-E0AB-487C-A509-6480B2CFBA9C,146630907.0,2014-04-25T12:05:09Z,2014-04-25T14:05:09Z,(GMT+01:00) Europe/Amsterdam,7200.0,"[53.213905, 6.555354]","[53.215631, 6.556399]",Groningen,GR,The Netherlands,53.213905,6.555354,2,0,0,1,0,False,False,False,False,everyone,False,,False,146630907,3.67,10.0,,False,,,False,False,0,0,False,,4591892,1,a133999984,{ixcI}i_g@yBWhFvIZlEiAfFiIOeXtSaCmPhB}ZuYnCqJoJeDmJ]wIcAg@_A`CVfFjDlCxA|TtIuArEhKdEaGrL~A`AcNbRmFz@|CvAX,2,0.0,,,,8.7,-2.4
